ccd,cust_fn,cust_ln,cust_age,cust_gender,cust_city,cust_phone,cust_email
V001,Vinod,Goel,43,Male,Gorakhpur,9158810528,vinod.goel@sample.com
R001,Rakesh,Wadhwa,49,Male,Nashik,8218650722,rakesh.wadhwa@sample.com
P001,Pranav,Talwar,51,Male,Ranchi,9044984755,pranav.talwar@sample.com
S001,Suraj,Goel,62,Male,Jaipur,8864720454,suraj.goel@sample.com
J001,Jagdish,Mishra,47,Male,Ahmedabad,8314100867,jagdish.mishra@sample.com
S002,Shweta,Ghosh,36,Female,Rajkot,9004467543,shweta.ghosh@sample.com
J002,Jagdish,Sood,18,Male,Kolkata,9163357565,jagdish.sood@sample.com
I001,Imran,Biswas,56,Male,Dehradun,8775275424,imran.biswas@sample.com
V002,Varun,Bakshi,48,Male,Indore,9527657072,varun.bakshi@sample.com
B001,Bina,Hussain,55,Female,Bhopal,8913932425,bina.hussain@sample.com
K001,Krishna,Verma,64,Male,Aizawl,8822843599,krishna.verma@sample.com
H001,Harini,Kansal,25,Female,Mumbai,9575483086,harini.kansal@sample.com
B002,Bhavika,Sabharwal,53,Female,Jamshedpur,9673294873,bhavika.sabharwal@sample.com
S003,Sanjay,Mann,35,Male,Hyderabad,9701735877,sanjay.mann@sample.com
K002,Karishma,Khan,46,Female,Durgapur,9597674878,karishma.khan@sample.com
R002,Ritu,Patel,45,Female,Dehradun,9914827609,ritu.patel@sample.com
V003,Vandana,Kapoor,42,Female,Jamshedpur,9528555697,vandana.kapoor@sample.com
M001,Mala,Bajaj,59,Female,Tirupati,9245680887,mala.bajaj@sample.com
K003,Komal,Mathur,55,Female,Nagpur,9316850927,komal.mathur@sample.com
S004,Shailesh,Menon,57,Male,Rajkot,8509081722,shailesh.menon@sample.com
H002,Harini,Bose,57,Female,Nashik,8943356459,harini.bose@sample.com
K004,Kusum,Deshmukh,35,Female,Chandigarh,8151538870,kusum.deshmukh@sample.com
R003,Ritika,Rastogi,33,Female,Rajkot,9126983824,ritika.rastogi@sample.com
K005,Karishma,Deol,32,Female,Nagpur,8105108899,karishma.deol@sample.com
V004,Vikas,Pillai,48,Male,Amritsar,8348850752,vikas.pillai@sample.com
S005,Sameer,Chopra,19,Male,Gorakhpur,8071498881,sameer.chopra@sample.com
V005,Varun,Arora,40,Male,Gaya,9973494771,varun.arora@sample.com
T001,Tushar,Roy,43,Male,Hyderabad,9769795014,tushar.roy@sample.com
I002,Imran,Saxena,33,Male,Nashik,9138827503,imran.saxena@sample.com
K006,Kirti,Bedi,29,Female,Tirupati,9977446362,kirti.bedi@sample.com
S006,Sakshi,Deol,62,Female,Kolkata,8747722009,sakshi.deol@sample.com
S007,Shailesh,Pandey,50,Male,Guwahati,9631201453,shailesh.pandey@sample.com
P002,Priti,Vashisht,38,Female,Shillong,9988142889,priti.vashisht@sample.com
R004,Rohit,Brar,18,Male,Ahmedabad,9168146364,rohit.brar@sample.com
K007,Karishma,Malhotra,29,Female,Chandigarh,9013346628,karishma.malhotra@sample.com
A001,Anita,Jindal,33,Female,Shillong,9805671503,anita.jindal@sample.com
R005,Rituja,Khanna,44,Female,Vijayawada,8615684101,rituja.khanna@sample.com
K008,Kanchan,Mathur,20,Female,Vijayawada,9510501700,kanchan.mathur@sample.com
R006,Rituraj,Yadav,33,Male,Madurai,9507367462,rituraj.yadav@sample.com
I003,Irfan,Thakur,58,Male,Madurai,8758027446,irfan.thakur@sample.com
D001,Dinesh,Chatterjee,22,Male,Surat,9782438181,dinesh.chatterjee@sample.com
N001,Naveen,Verma,64,Male,Madurai,9220335803,naveen.verma@sample.com
I004,Imran,Mishra,53,Male,Shillong,9116185454,imran.mishra@sample.com
M002,Mridula,Patel,48,Female,Imphal,9355379389,mridula.patel@sample.com
A002,Atharva,Malhotra,44,Male,Ahmedabad,9524393415,atharva.malhotra@sample.com
A003,Ajay,Saxena,26,Male,Visakhapatnam,9219460751,ajay.saxena@sample.com
L001,Lalit,Deshmukh,36,Male,Guwahati,8758418913,lalit.deshmukh@sample.com
M003,Manisha,Kakkar,53,Female,Chennai,8988091994,manisha.kakkar@sample.com
S008,Sarita,Ahuja,18,Female,Guwahati,8653272453,sarita.ahuja@sample.com
N002,Nandini,Kamble,61,Female,Udaipur,9020035615,nandini.kamble@sample.com
B003,Bhavesh,Khanna,28,Male,Surat,8536263942,bhavesh.khanna@sample.com
N003,Nitin,Bhattacharya,49,Male,Chennai,8993662952,nitin.bhattacharya@sample.com
L002,Lalit,Srivastava,64,Male,Patna,9001230992,lalit.srivastava@sample.com
A004,Alpana,Bansal,25,Female,Noida,9694372888,alpana.bansal@sample.com
S009,Sonal,Thakur,38,Female,Bengaluru,9922356720,sonal.thakur@sample.com
M004,Mridula,Das,23,Female,Mumbai,8446563815,mridula.das@sample.com
S010,Suresh,Kulkarni,33,Male,Haridwar,8109416924,suresh.kulkarni@sample.com
S011,Sachin,Puri,19,Male,Delhi,9342610273,sachin.puri@sample.com
S012,Siddharth,Bhardwaj,27,Male,Madurai,8520061660,siddharth.bhardwaj@sample.com
G001,Gaurav,Saha,60,Male,Cuttack,9385458079,gaurav.saha@sample.com
D002,Dhruv,Gill,35,Male,Nashik,8822929184,dhruv.gill@sample.com
A005,Ajay,Srivastava,22,Male,Gaya,8537190187,ajay.srivastava@sample.com
M005,Mukesh,Bansal,52,Male,Hyderabad,9860619344,mukesh.bansal@sample.com
J003,Jitendra,Adhikari,45,Male,Haridwar,9146031532,jitendra.adhikari@sample.com
K009,Krishna,Jindal,25,Male,Bhubaneswar,9804155232,krishna.jindal@sample.com
E001,Esha,Khatri,21,Female,Surat,8987678005,esha.khatri@sample.com
M006,Mukesh,Chopra,39,Male,Vadodara,9479946926,mukesh.chopra@sample.com
K010,Kritika,Cheema,28,Female,Rajkot,8086182451,kritika.cheema@sample.com
P003,Paresh,Talwar,53,Male,Cuttack,9591532061,paresh.talwar@sample.com
V006,Vaishali,Sabharwal,32,Female,Nagpur,8780471647,vaishali.sabharwal@sample.com
V007,Varun,Mann,55,Male,Agra,9554646824,varun.mann@sample.com
R007,Rahul,Jain,21,Male,Rajkot,9568603799,rahul.jain@sample.com
A006,Aditya,Biswas,23,Male,Ahmedabad,8833795944,aditya.biswas@sample.com
K011,Kavita,Dutta,47,Female,Imphal,8083858932,kavita.dutta@sample.com
H003,Hemlata,Yadav,39,Female,Udaipur,8502050930,hemlata.yadav@sample.com
N004,Neelam,Dutta,24,Female,Gaya,8258867608,neelam.dutta@sample.com
A007,Ankita,Deol,21,Female,Ranchi,8563619746,ankita.deol@sample.com
K012,Kalpana,Iyengar,64,Female,Shillong,9171726697,kalpana.iyengar@sample.com
A008,Aparna,Aggarwal,36,Female,Vijayawada,8301041144,aparna.aggarwal@sample.com
I005,Indu,Talwar,32,Female,Siliguri,9470643058,indu.talwar@sample.com
C001,Chandrika,Kansal,32,Female,Nagpur,8611690539,chandrika.kansal@sample.com
V008,Vinod,Tripathi,29,Male,Lucknow,9255979394,vinod.tripathi@sample.com
K013,Kavita,Agarwal,21,Female,Mumbai,8116498327,kavita.agarwal@sample.com
R008,Ramesh,Mishra,25,Male,Kolkata,8575385054,ramesh.mishra@sample.com
C002,Chirag,Bakshi,33,Male,Aizawl,8226030039,chirag.bakshi@sample.com
V009,Vinod,Bedi,62,Male,Haridwar,9129587849,vinod.bedi@sample.com
J004,Jayesh,Khatri,35,Male,Hyderabad,9507791934,jayesh.khatri@sample.com
S013,Siddharth,Biswas,41,Male,Agra,8698486718,siddharth.biswas@sample.com
S014,Shruti,Joshi,44,Female,Udaipur,9579069051,shruti.joshi@sample.com
N005,Nandini,Talwar,21,Female,Howrah,9276201864,nandini.talwar@sample.com
A009,Aditya,Sidhu,32,Male,Hyderabad,9362957852,aditya.sidhu@sample.com
N006,Nidhi,Cheema,43,Female,Delhi,9712664621,nidhi.cheema@sample.com
P004,Pratima,Sidhu,37,Female,Coimbatore,8967731021,pratima.sidhu@sample.com
S015,Sanjay,Malhotra,42,Male,Shillong,9948117539,sanjay.malhotra@sample.com
B004,Balram,Patel,29,Male,Haridwar,8338176911,balram.patel@sample.com
V010,Vikas,Vashisht,39,Male,Pune,8847448483,vikas.vashisht@sample.com
N007,Nitin,Chatterjee,22,Male,Bhubaneswar,8357201304,nitin.chatterjee@sample.com
S016,Salim,Kaur,64,Male,Kanpur,9398911267,salim.kaur@sample.com
B005,Bina,Kansal,47,Female,Cuttack,9996249720,bina.kansal@sample.com
G002,Gaurav,Banerjee,58,Male,Imphal,8912417065,gaurav.banerjee@sample.com
S017,Shashi,Acharya,62,Female,Varanasi,8248251244,shashi.acharya@sample.com
S018,Shobha,Verma,57,Female,Nagpur,9364313612,shobha.verma@sample.com
M007,Madhav,Cheema,34,Male,Udaipur,9828311486,madhav.cheema@sample.com
S019,Swati,Nigam,19,Female,Madurai,8387093026,swati.nigam@sample.com
A010,Ashok,Bhat,53,Male,Jamshedpur,8684875899,ashok.bhat@sample.com
S020,Sandeep,Iyer,65,Male,Nagpur,9601074566,sandeep.iyer@sample.com
K014,Kajalika,Hegde,35,Female,Nashik,9866672560,kajalika.hegde@sample.com
S021,Smita,Jindal,47,Female,Siliguri,9435511652,smita.jindal@sample.com
Y001,Yamini,Sethi,26,Female,Hyderabad,8554933445,yamini.sethi@sample.com
S022,Sumanlata,Bose,20,Female,Pune,9718322770,sumanlata.bose@sample.com
M008,Manish,Sethi,18,Male,Indore,8246198303,manish.sethi@sample.com
E002,Esha,Gill,35,Female,Guwahati,8596790620,esha.gill@sample.com
K015,Kartik,Upadhyay,30,Male,Durgapur,8745444171,kartik.upadhyay@sample.com
C003,Chhavi,Kansal,59,Female,Nashik,9563431161,chhavi.kansal@sample.com
R009,Rahul,Acharya,35,Male,Surat,9702721500,rahul.acharya@sample.com
D003,Devendra,Mann,36,Male,Agartala,9440305521,devendra.mann@sample.com
R010,Rituja,Ahuja,37,Female,Vadodara,8636535969,rituja.ahuja@sample.com
K016,Keyur,Sidhu,19,Male,Imphal,8493868974,keyur.sidhu@sample.com
R011,Rituja,Gill,41,Female,Amritsar,9514792293,rituja.gill@sample.com
M009,Manisha,Sen,53,Female,Bhubaneswar,9218956683,manisha.sen@sample.com
M010,Mahesh,Rajput,27,Male,Udaipur,8185158375,mahesh.rajput@sample.com
I006,Ila,Sibal,52,Female,Tirupati,8810793683,ila.sibal@sample.com
M011,Mahesh,Nair,33,Male,Nashik,9820089228,mahesh.nair@sample.com
M012,Madhuri,Tripathi,51,Female,Shillong,9738049180,madhuri.tripathi@sample.com
S023,Shreyas,Chatterjee,42,Male,Hyderabad,9006529248,shreyas.chatterjee@sample.com
M013,Mala,Rajput,62,Female,Madurai,9732902215,mala.rajput@sample.com
P005,Pratima,Gandhi,47,Female,Haridwar,8476016155,pratima.gandhi@sample.com
R012,Rituraj,Ahluwalia,35,Male,Nagpur,8097359861,rituraj.ahluwalia@sample.com
M014,Madhuri,Bose,22,Female,Agartala,8749172711,madhuri.bose@sample.com
G003,Gauri,Shetty,38,Female,Ranchi,9835070137,gauri.shetty@sample.com
M015,Manish,Chopra,59,Male,Agartala,9844269704,manish.chopra@sample.com
S024,Sonali,Kumar,59,Female,Visakhapatnam,8376329549,sonali.kumar@sample.com
S025,Salim,Bhardwaj,33,Male,Aizawl,9764478425,salim.bhardwaj@sample.com
N008,Nikhil,Acharya,60,Male,Aizawl,9067352349,nikhil.acharya@sample.com
K017,Karishma,Gill,21,Female,Bhopal,8146787760,karishma.gill@sample.com
S026,Sunita,Shukla,35,Female,Delhi,8996644494,sunita.shukla@sample.com
I007,Isha,Garg,43,Female,Noida,8298798099,isha.garg@sample.com
A011,Amit,Singh,25,Male,Cuttack,9270902838,amit.singh@sample.com
K018,Kunal,Ahuja,22,Male,Jodhpur,8246224915,kunal.ahuja@sample.com
K019,Kajalika,Khanna,31,Female,Mumbai,8566574279,kajalika.khanna@sample.com
E003,Esha,Hegde,21,Female,Ahmedabad,8295555534,esha.hegde@sample.com
K020,Kartik,Tripathi,59,Male,Cuttack,9029169467,kartik.tripathi@sample.com
S027,Sharmila,Kansal,45,Female,Udaipur,8192080048,sharmila.kansal@sample.com
S028,Shashi,Arora,59,Female,Rajkot,9871311221,shashi.arora@sample.com
M016,Mohini,Nair,56,Female,Rajkot,9364636196,mohini.nair@sample.com
B006,Bina,Banerjee,40,Female,Jodhpur,9818014244,bina.banerjee@sample.com
R013,Rohan,Ahluwalia,48,Male,Pune,9523848722,rohan.ahluwalia@sample.com
U001,Umesh,Kaur,43,Male,Siliguri,8994686155,umesh.kaur@sample.com
A012,Ankit,Cheema,51,Male,Shillong,8962820555,ankit.cheema@sample.com
A013,Ankit,Goel,54,Male,Durgapur,8552341807,ankit.goel@sample.com
S029,Swati,Kakkar,20,Female,Hyderabad,8948418958,swati.kakkar@sample.com
B007,Bina,Kohli,27,Female,Vijayawada,8549513000,bina.kohli@sample.com
S030,Shailesh,Kansal,59,Male,Madurai,9219061470,shailesh.kansal@sample.com
R014,Rekha,Shetty,32,Female,Gorakhpur,9164564010,rekha.shetty@sample.com
N009,Namrata,Puri,63,Female,Chandigarh,9198690537,namrata.puri@sample.com
A014,Aishwarya,Sen,47,Female,Amritsar,8470176268,aishwarya.sen@sample.com
A015,Anita,Banerjee,49,Female,Jamshedpur,9158708471,anita.banerjee@sample.com
J005,Jitendra,Chatterjee,52,Male,Madurai,8682504722,jitendra.chatterjee@sample.com
M017,Mayank,Sibal,64,Male,Hyderabad,9482134026,mayank.sibal@sample.com
C004,Chirag,Bhattacharya,41,Male,Noida,8427269130,chirag.bhattacharya@sample.com
A016,Alok,Bedi,51,Male,Vijayawada,9507823780,alok.bedi@sample.com
I008,Ishaan,Talwar,18,Male,Jamshedpur,8500910944,ishaan.talwar@sample.com
C005,Chirag,Cheema,36,Male,Warangal,9521200326,chirag.cheema@sample.com
A017,Aarti,Shukla,41,Female,Lucknow,8884436035,aarti.shukla@sample.com
S031,Sunil,Chaudhary,59,Male,Chennai,8642886680,sunil.chaudhary@sample.com
H004,Hemant,Rastogi,61,Male,Chennai,8935530196,hemant.rastogi@sample.com
V011,Varun,Singh,46,Male,Jamshedpur,8183375479,varun.singh@sample.com
N010,Nitin,Kaur,43,Male,Bengaluru,9230123972,nitin.kaur@sample.com
M018,Manisha,Menon,43,Female,Guwahati,9925520247,manisha.menon@sample.com
A018,Aditya,Sandhu,32,Male,Madurai,9247353219,aditya.sandhu@sample.com
C006,Chhavi,Sidhu,21,Female,Siliguri,9941024445,chhavi.sidhu@sample.com
G004,Gauri,Sharma,38,Female,Chennai,8352539641,gauri.sharma@sample.com
S032,Shankar,Thakur,38,Male,Delhi,8620746382,shankar.thakur@sample.com
L003,Laxmi,Cheema,51,Female,Amritsar,9723937567,laxmi.cheema@sample.com
N011,Narayan,Sen,24,Male,Vadodara,8622805774,narayan.sen@sample.com
V012,Vandana,Nagpal,56,Female,Visakhapatnam,8269296279,vandana.nagpal@sample.com
P006,Poonam,Malhotra,27,Female,Kolkata,8162946575,poonam.malhotra@sample.com
D004,Devendra,Saha,63,Male,Guwahati,8884921329,devendra.saha@sample.com
R015,Ritu,Pandey,20,Female,Amritsar,8218505536,ritu.pandey@sample.com
K021,Kalpana,Kapoor,60,Female,Coimbatore,9810493763,kalpana.kapoor@sample.com
D005,Dinesh,Rao,47,Male,Jodhpur,9365726358,dinesh.rao@sample.com
S033,Smita,Joshi,46,Female,Mumbai,9435650903,smita.joshi@sample.com
R016,Rajesh,Dubey,44,Male,Bhopal,9910513533,rajesh.dubey@sample.com
K022,Kabir,Chopra,53,Male,Pune,8791527966,kabir.chopra@sample.com
M019,Madhuri,Dubey,45,Female,Chennai,8946118120,madhuri.dubey@sample.com
J006,Jagdish,Adhikari,38,Male,Jaipur,9342931351,jagdish.adhikari@sample.com
A019,Alka,Mehta,55,Female,Kolkata,9320909874,alka.mehta@sample.com
H005,Hardik,Mahajan,21,Male,Agra,8672749941,hardik.mahajan@sample.com
H006,Harini,Pandey,48,Female,Gorakhpur,9515085849,harini.pandey@sample.com
A020,Ankita,Arora,51,Female,Durgapur,8677971470,ankita.arora@sample.com
K023,Keshav,Nagpal,43,Male,Siliguri,8920359150,keshav.nagpal@sample.com
J007,Jayesh,Sabharwal,51,Male,Bhopal,9213627010,jayesh.sabharwal@sample.com
K024,Kunal,Arora,32,Male,Bengaluru,9534662788,kunal.arora@sample.com
H007,Hemlata,Sidhu,47,Female,Warangal,8626196783,hemlata.sidhu@sample.com
T002,Tejas,Dubey,54,Male,Jamshedpur,8913790667,tejas.dubey@sample.com
K025,Kartik,Bajaj,24,Male,Warangal,8050631448,kartik.bajaj@sample.com
S034,Shailesh,Ghosh,61,Male,Aizawl,8428854269,shailesh.ghosh@sample.com
M020,Mansi,Bedi,49,Female,Delhi,9732878978,mansi.bedi@sample.com
A021,Aishwarya,Mehta,24,Female,Warangal,8523661933,aishwarya.mehta@sample.com
V013,Vinod,Bhardwaj,40,Male,Mysuru,8961151108,vinod.bhardwaj@sample.com
B008,Bina,Chawla,24,Female,Bhopal,8452535011,bina.chawla@sample.com
A022,Arjun,Kamble,31,Male,Varanasi,8354936016,arjun.kamble@sample.com
N012,Neha,Mukherjee,19,Female,Mysuru,9182495274,neha.mukherjee@sample.com
R017,Rupali,Kaur,21,Female,Udaipur,9823177953,rupali.kaur@sample.com
R018,Rekha,Trivedi,49,Female,Ahmedabad,8835308159,rekha.trivedi@sample.com
K026,Kalpana,Bhattacharya,28,Female,Warangal,8441188066,kalpana.bhattacharya@sample.com
N013,Nidhi,Bhat,29,Female,Pune,9524333516,nidhi.bhat@sample.com
M021,Mohit,Joshi,21,Male,Bengaluru,8655452132,mohit.joshi@sample.com
S035,Sameer,Mehta,29,Male,Patna,8836001044,sameer.mehta@sample.com
V014,Vivek,Mittal,42,Male,Madurai,8717118137,vivek.mittal@sample.com
S036,Sunita,Roy,23,Female,Mumbai,8981870270,sunita.roy@sample.com
T003,Tushar,Gandhi,33,Male,Vadodara,8591578806,tushar.gandhi@sample.com
V015,Vikas,Agarwal,64,Male,Gaya,8123137944,vikas.agarwal@sample.com
S037,Shubham,Tandon,26,Male,Jaipur,9711109866,shubham.tandon@sample.com
G005,Govind,Bedi,53,Male,Hyderabad,9971119008,govind.bedi@sample.com
S038,Saurabh,Puri,44,Male,Patna,8188409651,saurabh.puri@sample.com
W001,Wasim,Mishra,36,Male,Aizawl,9260829175,wasim.mishra@sample.com
J008,Jitendra,Bose,25,Male,Agra,9912780974,jitendra.bose@sample.com
C007,Charu,Kohli,59,Female,Nagpur,9155982147,charu.kohli@sample.com
P007,Pankaj,Sibal,59,Male,Gaya,9098218601,pankaj.sibal@sample.com
R019,Rajesh,Bhat,57,Male,Bhubaneswar,9625114001,rajesh.bhat@sample.com
C008,Chandrika,Nair,50,Female,Durgapur,9094595038,chandrika.nair@sample.com
V016,Varun,Deshmukh,20,Male,Warangal,8821919236,varun.deshmukh@sample.com
A023,Aishwarya,Mahajan,23,Female,Jodhpur,8080750635,aishwarya.mahajan@sample.com
R020,Rakesh,Bedi,50,Male,Roorkee,8842073971,rakesh.bedi@sample.com
A024,Aparna,Pandey,36,Female,Surat,8625057392,aparna.pandey@sample.com
N014,Nidhi,Kumar,48,Female,Dehradun,8180891287,nidhi.kumar@sample.com
S039,Sharmila,Deol,49,Female,Udaipur,9305897351,sharmila.deol@sample.com
C009,Chirag,Trivedi,37,Male,Udaipur,9507598075,chirag.trivedi@sample.com
S040,Shubham,Shukla,24,Male,Patna,8628547515,shubham.shukla@sample.com
T004,Trisha,Hegde,28,Female,Amritsar,9378379429,trisha.hegde@sample.com
L004,Lalit,Saxena,20,Male,Bengaluru,9790268689,lalit.saxena@sample.com
P008,Piyush,Pandey,34,Male,Lucknow,8999419791,piyush.pandey@sample.com
A025,Avni,Mahajan,58,Female,Bengaluru,9108931248,avni.mahajan@sample.com
M022,Mukesh,Bhat,30,Male,Shillong,9043834895,mukesh.bhat@sample.com
S041,Sakshi,Mahajan,21,Female,Durgapur,8955983980,sakshi.mahajan@sample.com
D006,Devansh,Deshmukh,41,Male,Pune,8178118726,devansh.deshmukh@sample.com
K027,Kirti,Patel,59,Female,Tirupati,8898156480,kirti.patel@sample.com
K028,Kunal,Shukla,51,Male,Nagpur,9889737650,kunal.shukla@sample.com
R021,Ramesh,Mukherjee,37,Male,Kolkata,8765642888,ramesh.mukherjee@sample.com
C010,Chirag,Banerjee,22,Male,Tirupati,8856339686,chirag.banerjee@sample.com
N015,Nikhil,Ansari,39,Male,Guwahati,9290832793,nikhil.ansari@sample.com
W002,Wasim,Choudhury,62,Male,Amritsar,9981057301,wasim.choudhury@sample.com
R022,Rupali,Bose,40,Female,Agra,9121889903,rupali.bose@sample.com
I009,Imran,Menon,39,Male,Bhubaneswar,8707115949,imran.menon@sample.com
O001,Omkar,Shetty,33,Male,Pune,8757729494,omkar.shetty@sample.com
R023,Rakesh,Acharya,19,Male,Nagpur,9209371726,rakesh.acharya@sample.com
A026,Anand,Rajput,19,Male,Noida,9756859599,anand.rajput@sample.com
R024,Rohit,Hegde,31,Male,Bhubaneswar,9281367550,rohit.hegde@sample.com
S042,Shweta,Mittal,46,Female,Lucknow,9673389389,shweta.mittal@sample.com
A027,Aman,Kohli,43,Male,Kanpur,9844403610,aman.kohli@sample.com
R025,Ravi,Sethi,53,Male,Siliguri,9020467912,ravi.sethi@sample.com
K029,Kanchan,Sethi,61,Female,Howrah,9054098078,kanchan.sethi@sample.com
S043,Swati,Chatterjee,61,Female,Bhubaneswar,8467722611,swati.chatterjee@sample.com
R026,Ritika,Hussain,41,Female,Gorakhpur,9124438132,ritika.hussain@sample.com
J009,Javed,Aggarwal,43,Male,Delhi,9313169953,javed.aggarwal@sample.com
K030,Kavita,Khanna,24,Female,Siliguri,9126193656,kavita.khanna@sample.com
J010,Jayesh,Deshmukh,29,Male,Aizawl,8695935832,jayesh.deshmukh@sample.com
P009,Pranav,Kohli,37,Male,Roorkee,9040723920,pranav.kohli@sample.com
P010,Parth,Pandey,51,Male,Mumbai,9732572807,parth.pandey@sample.com
Y002,Yogesh,Trivedi,55,Male,Hyderabad,8468866598,yogesh.trivedi@sample.com
S044,Siddharth,Brar,26,Male,Guwahati,9329760395,siddharth.brar@sample.com
T005,Tarun,Pandey,53,Male,Bhopal,9813411277,tarun.pandey@sample.com
A028,Ajay,Sabharwal,33,Male,Chandigarh,8742715193,ajay.sabharwal@sample.com
L005,Leena,Bedi,19,Female,Lucknow,8291116299,leena.bedi@sample.com
R027,Rohan,Choudhury,53,Male,Surat,9198628098,rohan.choudhury@sample.com
A029,Avni,Sen,39,Female,Siliguri,8873495841,avni.sen@sample.com
A030,Anjali,Patel,20,Female,Kanpur,9931271329,anjali.patel@sample.com
R028,Ritika,Sethi,49,Female,Kolkata,8277572881,ritika.sethi@sample.com
B009,Bhavesh,Mahajan,65,Male,Amritsar,8879453436,bhavesh.mahajan@sample.com
R029,Rohit,Upadhyay,20,Male,Chennai,8569863288,rohit.upadhyay@sample.com
V017,Vivek,Gill,44,Male,Roorkee,9942242717,vivek.gill@sample.com
R030,Rituja,Saxena,27,Female,Vadodara,9365256512,rituja.saxena@sample.com
J011,Jitendra,Bhat,50,Male,Imphal,8937340934,jitendra.bhat@sample.com
M023,Mansi,Chawla,23,Female,Gorakhpur,9626129748,mansi.chawla@sample.com
B010,Bina,Iyengar,37,Female,Kanpur,8166131797,bina.iyengar@sample.com
H008,Harish,Kaur,24,Male,Pune,9829351156,harish.kaur@sample.com
M024,Mukesh,Gandhi,23,Male,Madurai,9721805768,mukesh.gandhi@sample.com
A031,Amit,Pandey,52,Male,Ranchi,8515550932,amit.pandey@sample.com
D007,Deepak,Bedi,55,Male,Varanasi,9426273066,deepak.bedi@sample.com
R031,Rekha,Dubey,52,Female,Delhi,8718134070,rekha.dubey@sample.com
K031,Keshav,Roy,61,Male,Haridwar,9071549722,keshav.roy@sample.com
A032,Arvind,Dubey,63,Male,Siliguri,8856714627,arvind.dubey@sample.com
S045,Seema,Banerjee,35,Female,Warangal,8598309054,seema.banerjee@sample.com
M025,Meena,Shetty,55,Female,Jodhpur,9807246596,meena.shetty@sample.com
C011,Chandrika,Shukla,62,Female,Cuttack,9314866924,chandrika.shukla@sample.com
R032,Rituja,Sandhu,41,Female,Roorkee,9481012448,rituja.sandhu@sample.com
R033,Ritika,Jindal,40,Female,Gorakhpur,9984774032,ritika.jindal@sample.com
G006,Gauri,Deshmukh,35,Female,Delhi,9649648398,gauri.deshmukh@sample.com
I010,Imran,Deshmukh,49,Male,Vijayawada,8792195018,imran.deshmukh@sample.com
M026,Mahesh,Kapoor,59,Male,Vijayawada,8218783210,mahesh.kapoor@sample.com
I011,Imran,Mahajan,42,Male,Nashik,8719016367,imran.mahajan@sample.com
S046,Sameer,Brar,56,Male,Gorakhpur,8658467613,sameer.brar@sample.com
T006,Tarun,Kakkar,42,Male,Cuttack,9859492026,tarun.kakkar@sample.com
P011,Priya,Chaudhary,35,Female,Chandigarh,8640922350,priya.chaudhary@sample.com
G007,Ganesh,Shetty,28,Male,Noida,9164393974,ganesh.shetty@sample.com
A033,Anusha,Goel,52,Female,Haridwar,9187939178,anusha.goel@sample.com
Y003,Yogesh,Patel,56,Male,Noida,8589450043,yogesh.patel@sample.com
B011,Bhavna,Goel,61,Female,Delhi,8109710966,bhavna.goel@sample.com
A034,Amit,Sethi,43,Male,Agartala,9516174823,amit.sethi@sample.com
S047,Sunil,Bedi,50,Male,Madurai,8373680267,sunil.bedi@sample.com
P012,Puneet,Ahuja,24,Male,Mumbai,8799368462,puneet.ahuja@sample.com
M027,Madhav,Deol,25,Male,Jamshedpur,9347214424,madhav.deol@sample.com
P013,Piyush,Acharya,59,Male,Udaipur,9913069011,piyush.acharya@sample.com
A035,Alka,Choudhury,45,Female,Gaya,8889901118,alka.choudhury@sample.com
P014,Poonam,Vashisht,30,Female,Kolkata,9557954620,poonam.vashisht@sample.com
S048,Siddharth,Talwar,61,Male,Tirupati,9460983159,siddharth.talwar@sample.com
L006,Lalit,Kumar,54,Male,Bengaluru,9489438958,lalit.kumar@sample.com
S049,Sachin,Das,43,Male,Jodhpur,9604470306,sachin.das@sample.com
I012,Ila,Thakur,28,Female,Agra,9809493906,ila.thakur@sample.com
F001,Faisal,Vashisht,61,Male,Durgapur,9338671389,faisal.vashisht@sample.com
K032,Kirti,Khanna,31,Female,Bhopal,9906126122,kirti.khanna@sample.com
R034,Rohit,Malhotra,41,Male,Jodhpur,9597822955,rohit.malhotra@sample.com
V018,Vaishali,Bhardwaj,40,Female,Madurai,8403761087,vaishali.bhardwaj@sample.com
M028,Mahesh,Cheema,34,Male,Durgapur,8008016022,mahesh.cheema@sample.com
G008,Govind,Puri,60,Male,Nagpur,8515895102,govind.puri@sample.com
I013,Indu,Nair,23,Female,Guwahati,9897579363,indu.nair@sample.com
V019,Vivek,Deol,39,Male,Rajkot,9505932566,vivek.deol@sample.com
M029,Manju,Bakshi,18,Female,Indore,9426570615,manju.bakshi@sample.com
N016,Neeraj,Chatterjee,26,Male,Howrah,9560482720,neeraj.chatterjee@sample.com
P015,Priya,Bansal,38,Female,Noida,9212760812,priya.bansal@sample.com
A036,Aditya,Saxena,22,Male,Madurai,9911794533,aditya.saxena@sample.com
A037,Ajay,Kaur,62,Male,Ranchi,9845515494,ajay.kaur@sample.com
K033,Kunal,Kansal,31,Male,Bhubaneswar,8290093528,kunal.kansal@sample.com
B012,Balram,Garg,53,Male,Kanpur,9241879559,balram.garg@sample.com
M030,Mala,Upadhyay,54,Female,Shillong,8128022068,mala.upadhyay@sample.com
R035,Rohit,Chopra,34,Male,Bhopal,8824877192,rohit.chopra@sample.com
P016,Priya,Dutta,58,Female,Chandigarh,9609097188,priya.dutta@sample.com
E004,Esha,Saha,50,Female,Surat,9682460150,esha.saha@sample.com
V020,Varun,Rastogi,26,Male,Ranchi,9181343656,varun.rastogi@sample.com
J012,Jitendra,Garg,60,Male,Bhopal,8605188537,jitendra.garg@sample.com
H009,Hitesh,Menon,18,Male,Gorakhpur,8599625848,hitesh.menon@sample.com
S050,Sharmila,Srivastava,33,Female,Kolkata,8888150057,sharmila.srivastava@sample.com
R036,Rituraj,Garg,32,Male,Patna,8530559726,rituraj.garg@sample.com
S051,Shreyas,Sen,47,Male,Haridwar,9109848240,shreyas.sen@sample.com
R037,Rachna,Malhotra,59,Female,Agartala,8658907293,rachna.malhotra@sample.com
N017,Neeraj,Arora,52,Male,Mumbai,9130054818,neeraj.arora@sample.com
A038,Arjun,Yadav,55,Male,Haridwar,8160245825,arjun.yadav@sample.com
T007,Tushar,Mukherjee,56,Male,Mysuru,9169400967,tushar.mukherjee@sample.com
S052,Shashi,Chaudhary,51,Female,Gorakhpur,8842996601,shashi.chaudhary@sample.com
R038,Rupali,Khatri,55,Female,Nashik,9015069554,rupali.khatri@sample.com
S053,Sadhana,Pillai,22,Female,Haridwar,8474170192,sadhana.pillai@sample.com
J013,Jyoti,Saxena,57,Female,Howrah,9367179688,jyoti.saxena@sample.com
D008,Damini,Das,28,Female,Durgapur,9318878712,damini.das@sample.com
S054,Sunil,Ghosh,52,Male,Vadodara,8755387949,sunil.ghosh@sample.com
K034,Karishma,Bajaj,26,Female,Jaipur,8209648488,karishma.bajaj@sample.com
K035,Kabir,Sandhu,51,Male,Bhopal,8663389301,kabir.sandhu@sample.com
P017,Payal,Kulkarni,49,Female,Vadodara,9363497487,payal.kulkarni@sample.com
R039,Ramesh,Bose,63,Male,Tirupati,9637115485,ramesh.bose@sample.com
D009,Divya,Gupta,31,Female,Agra,8403524507,divya.gupta@sample.com
D010,Dinesh,Sibal,61,Male,Bengaluru,9392791904,dinesh.sibal@sample.com
A039,Anita,Kulkarni,47,Female,Dehradun,9339193950,anita.kulkarni@sample.com
P018,Pooja,Kohli,19,Female,Durgapur,9568252172,pooja.kohli@sample.com
R040,Rajesh,Mittal,49,Male,Bhubaneswar,9723803223,rajesh.mittal@sample.com
A040,Aarti,Cheema,47,Female,Hyderabad,9267841248,aarti.cheema@sample.com
T008,Trisha,Kulkarni,38,Female,Agra,8931824935,trisha.kulkarni@sample.com
R041,Ranjana,Menon,35,Female,Udaipur,8450292504,ranjana.menon@sample.com
S055,Sakshi,Bajaj,18,Female,Bengaluru,9585261491,sakshi.bajaj@sample.com
S056,Seema,Hegde,45,Female,Vijayawada,9655296146,seema.hegde@sample.com
S057,Sakshi,Ansari,24,Female,Ranchi,8313357081,sakshi.ansari@sample.com
D011,Dinesh,Gupta,61,Male,Aizawl,9909340751,dinesh.gupta@sample.com
K036,Kalpana,Saha,21,Female,Surat,8122964522,kalpana.saha@sample.com
A041,Avni,Rao,58,Female,Madurai,8626198364,avni.rao@sample.com
L007,Laxmi,Puri,34,Female,Vadodara,8066370596,laxmi.puri@sample.com
S058,Smita,Oberoi,27,Female,Kolkata,8061151212,smita.oberoi@sample.com
S059,Supriya,Kapoor,31,Female,Agra,8148158294,supriya.kapoor@sample.com
S060,Shankar,Arora,56,Male,Indore,9097569685,shankar.arora@sample.com
M031,Manish,Talwar,36,Male,Howrah,8081212930,manish.talwar@sample.com
S061,Sachin,Jain,43,Male,Lucknow,9840656020,sachin.jain@sample.com
H010,Hemant,Pillai,35,Male,Indore,9973891450,hemant.pillai@sample.com
S062,Shailesh,Gupta,35,Male,Madurai,8000641352,shailesh.gupta@sample.com
S063,Sunil,Ghosh,39,Male,Surat,8383934892,sunil.ghosh2@sample.com
I014,Ila,Kakkar,52,Female,Patna,9714296452,ila.kakkar@sample.com
D012,Dinesh,Jain,57,Male,Guwahati,9713414803,dinesh.jain@sample.com
P019,Paresh,Oberoi,42,Male,Ahmedabad,8814027441,paresh.oberoi@sample.com
I015,Irfan,Biswas,65,Male,Roorkee,9780821918,irfan.biswas@sample.com
H011,Hardik,Hussain,21,Male,Varanasi,9452650949,hardik.hussain@sample.com
M032,Meena,Aggarwal,20,Female,Agartala,8233464777,meena.aggarwal@sample.com
I016,Ila,Bedi,45,Female,Delhi,9346946172,ila.bedi@sample.com
C012,Chhavi,Thakur,26,Female,Nashik,8047267905,chhavi.thakur@sample.com
R042,Rituja,Nagpal,46,Female,Patna,8308718310,rituja.nagpal@sample.com
B013,Balram,Ahuja,50,Male,Madurai,9742024041,balram.ahuja@sample.com
A042,Anita,Bhardwaj,18,Female,Kolkata,9700402793,anita.bhardwaj@sample.com
B014,Balram,Talwar,56,Male,Surat,9055673502,balram.talwar@sample.com
P020,Poonam,Iyengar,52,Female,Rajkot,9117192587,poonam.iyengar@sample.com
A043,Avni,Malhotra,19,Female,Shillong,8556174512,avni.malhotra@sample.com
N018,Nandini,Gupta,20,Female,Ranchi,9145799930,nandini.gupta@sample.com
S064,Shubham,Jindal,29,Male,Shillong,9905595620,shubham.jindal@sample.com
G009,Gaurav,Mukherjee,65,Male,Cuttack,9440778986,gaurav.mukherjee@sample.com
K037,Krishna,Mehta,51,Male,Madurai,8071947452,krishna.mehta@sample.com
B015,Bhavna,Saxena,55,Female,Cuttack,9258816738,bhavna.saxena@sample.com
R043,Ravi,Oberoi,47,Male,Indore,8859118082,ravi.oberoi@sample.com
A044,Ashok,Adhikari,51,Male,Siliguri,8809717733,ashok.adhikari@sample.com
P021,Piyush,Mittal,23,Male,Patna,8891845266,piyush.mittal@sample.com
I017,Ila,Bhattacharya,32,Female,Roorkee,8538276871,ila.bhattacharya@sample.com
S065,Shankar,Thakur,39,Male,Gorakhpur,8713631111,shankar.thakur2@sample.com
T009,Trisha,Singh,34,Female,Aizawl,8785457261,trisha.singh@sample.com
H012,Hardik,Chatterjee,48,Male,Aizawl,8160936896,hardik.chatterjee@sample.com
A045,Archana,Tandon,26,Female,Imphal,9879805073,archana.tandon@sample.com
R044,Rituja,Mishra,48,Female,Chennai,9253060744,rituja.mishra@sample.com
K038,Kapil,Aggarwal,27,Male,Visakhapatnam,8728383006,kapil.aggarwal@sample.com
S066,Saurabh,Chatterjee,29,Male,Delhi,8454605058,saurabh.chatterjee@sample.com
A046,Alka,Aggarwal,18,Female,Patna,9663013526,alka.aggarwal@sample.com
T010,Tulsi,Sharma,32,Female,Nashik,8929324829,tulsi.sharma@sample.com
J014,Jyoti,Menon,54,Female,Bengaluru,8256911969,jyoti.menon@sample.com
S067,Shikha,Sen,32,Female,Mysuru,9916449849,shikha.sen@sample.com
A047,Aarti,Das,28,Female,Noida,8184540737,aarti.das@sample.com
K039,Keyur,Mittal,28,Male,Bengaluru,8200929281,keyur.mittal@sample.com
R045,Ritu,Singh,38,Female,Cuttack,8966151701,ritu.singh@sample.com
J015,Jayesh,Menon,60,Male,Agartala,8108053302,jayesh.menon@sample.com
N019,Neelam,Acharya,29,Female,Visakhapatnam,8752343889,neelam.acharya@sample.com
I018,Imran,Sharma,21,Male,Imphal,9508407095,imran.sharma@sample.com
M033,Mohini,Bose,28,Female,Hyderabad,8354609001,mohini.bose@sample.com
A048,Anand,Ahuja,29,Male,Agra,8775645226,anand.ahuja@sample.com
P022,Puneet,Shukla,54,Male,Madurai,8347601676,puneet.shukla@sample.com
K040,Kanchan,Jain,55,Female,Mysuru,9122190558,kanchan.jain@sample.com
P023,Puneet,Tandon,64,Male,Noida,8304575118,puneet.tandon@sample.com
N020,Nitin,Mann,51,Male,Nagpur,9869007167,nitin.mann@sample.com
K041,Kunal,Kansal,41,Male,Tirupati,8909191484,kunal.kansal2@sample.com
S068,Sunil,Kakkar,43,Male,Visakhapatnam,8985642741,sunil.kakkar@sample.com
S069,Smita,Wadhwa,40,Female,Durgapur,8591593614,smita.wadhwa@sample.com
R046,Ranjana,Rao,58,Female,Coimbatore,8894258389,ranjana.rao@sample.com
M034,Madhav,Agarwal,65,Male,Bengaluru,9856077507,madhav.agarwal@sample.com
A049,Abhishek,Cheema,20,Male,Bhopal,9486094527,abhishek.cheema@sample.com
N021,Naina,Rastogi,45,Female,Bengaluru,8007891084,naina.rastogi@sample.com
M035,Mohini,Kulkarni,46,Female,Kolkata,8925143376,mohini.kulkarni@sample.com
D013,Deepika,Khanna,37,Female,Bhopal,9487205399,deepika.khanna@sample.com
M036,Mayank,Jain,36,Male,Gorakhpur,9577841960,mayank.jain@sample.com
V021,Vinod,Puri,60,Male,Vijayawada,8847491438,vinod.puri@sample.com
W003,Wasim,Deol,65,Male,Rajkot,8606548956,wasim.deol@sample.com
A050,Amit,Patel,39,Male,Delhi,8556947617,amit.patel@sample.com
S070,Supriya,Oberoi,31,Female,Bengaluru,9765651901,supriya.oberoi@sample.com
A051,Alpana,Bose,25,Female,Ranchi,9382169781,alpana.bose@sample.com
S071,Shubham,Khan,24,Male,Amritsar,9385806879,shubham.khan@sample.com
M037,Mehul,Verma,19,Male,Nashik,9842539581,mehul.verma@sample.com
U002,Urmila,Malhotra,32,Female,Agartala,9606563472,urmila.malhotra@sample.com
I019,Ishaan,Banerjee,22,Male,Lucknow,8832456228,ishaan.banerjee@sample.com
D014,Divya,Khatri,39,Female,Mysuru,9288651157,divya.khatri@sample.com
D015,Dhruv,Joshi,49,Male,Cuttack,8975573142,dhruv.joshi@sample.com
A052,Ankita,Iyer,28,Female,Howrah,8023063087,ankita.iyer@sample.com
M038,Mahesh,Bakshi,43,Male,Udaipur,8521142051,mahesh.bakshi@sample.com
K042,Kritika,Bedi,25,Female,Nagpur,8067782703,kritika.bedi@sample.com
K043,Kavita,Kohli,42,Female,Noida,8336904850,kavita.kohli@sample.com
K044,Keshav,Chawla,58,Male,Hyderabad,8248632992,keshav.chawla@sample.com
S072,Seema,Ghosh,48,Female,Mumbai,9643781955,seema.ghosh@sample.com
N022,Namrata,Roy,34,Female,Roorkee,9568427263,namrata.roy@sample.com
K045,Kiranmayi,Talwar,35,Female,Gorakhpur,9005152537,kiranmayi.talwar@sample.com
I020,Irfan,Bhat,26,Male,Madurai,9525507225,irfan.bhat@sample.com
M039,Mehul,Gupta,57,Male,Dehradun,8070823348,mehul.gupta@sample.com
G010,Gauri,Gill,28,Female,Madurai,8799963612,gauri.gill@sample.com
G011,Gaurav,Iyer,26,Male,Mumbai,9040460504,gaurav.iyer@sample.com
P024,Pradeep,Gupta,35,Male,Rajkot,9867080710,pradeep.gupta@sample.com
N023,Narayan,Rastogi,34,Male,Shillong,8949844611,narayan.rastogi@sample.com
A053,Anjali,Iyengar,41,Female,Visakhapatnam,9877594007,anjali.iyengar@sample.com
A054,Amit,Mathur,37,Male,Jamshedpur,8640732345,amit.mathur@sample.com
A055,Aishwarya,Mann,30,Female,Bengaluru,8388237049,aishwarya.mann@sample.com
M040,Mayank,Khanna,35,Male,Kanpur,8714777092,mayank.khanna@sample.com
A056,Abhishek,Iyer,45,Male,Aizawl,9142324340,abhishek.iyer@sample.com
S073,Smita,Brar,64,Female,Indore,8708589508,smita.brar@sample.com
D016,Dinesh,Mahajan,23,Male,Varanasi,9142971358,dinesh.mahajan@sample.com
K046,Kunal,Adhikari,54,Male,Aizawl,8805632513,kunal.adhikari@sample.com
S074,Sangeeta,Yadav,20,Female,Tirupati,9169214809,sangeeta.yadav@sample.com
K047,Kunal,Das,43,Male,Surat,8151980448,kunal.das@sample.com
V022,Varun,Nigam,41,Male,Tirupati,9408355988,varun.nigam@sample.com
M041,Meena,Kumar,25,Female,Jamshedpur,8249226473,meena.kumar@sample.com
S075,Suraj,Menon,47,Male,Guwahati,8305912206,suraj.menon@sample.com
K048,Kartik,Mathur,62,Male,Jaipur,8968828496,kartik.mathur@sample.com
N024,Nitin,Mathur,42,Male,Noida,8756819882,nitin.mathur@sample.com
S076,Shweta,Tripathi,41,Female,Nagpur,8415282354,shweta.tripathi@sample.com
P025,Paresh,Hegde,56,Male,Imphal,9243137613,paresh.hegde@sample.com
S077,Shivam,Trivedi,35,Male,Guwahati,8285171460,shivam.trivedi@sample.com
P026,Pankaj,Cheema,25,Male,Indore,9271502379,pankaj.cheema@sample.com
P027,Pratima,Sibal,57,Female,Vijayawada,8836845954,pratima.sibal@sample.com
M042,Madhuri,Khan,33,Female,Surat,9173080701,madhuri.khan@sample.com
P028,Paresh,Dutta,44,Male,Delhi,9677377611,paresh.dutta@sample.com
N025,Naveen,Upadhyay,46,Male,Durgapur,9363807255,naveen.upadhyay@sample.com
S078,Sharmila,Chatterjee,24,Female,Kanpur,8514164123,sharmila.chatterjee@sample.com
A057,Arjun,Trivedi,33,Male,Vijayawada,9433269709,arjun.trivedi@sample.com
K049,Kritika,Goel,51,Female,Guwahati,8574287444,kritika.goel@sample.com
R047,Richa,Mukherjee,64,Female,Jamshedpur,8688167046,richa.mukherjee@sample.com
R048,Rituraj,Biswas,60,Male,Bhubaneswar,9565641161,rituraj.biswas@sample.com
K050,Kajalika,Patel,25,Female,Bengaluru,8055559360,kajalika.patel@sample.com
I021,Ila,Thakur,18,Female,Gorakhpur,9627216792,ila.thakur2@sample.com
R049,Rahul,Nair,41,Male,Agra,8048189228,rahul.nair@sample.com
H013,Hemlata,Banerjee,50,Female,Kanpur,9797271512,hemlata.banerjee@sample.com
P029,Priya,Garg,50,Female,Imphal,9642835537,priya.garg@sample.com
M043,Mahesh,Goel,48,Male,Udaipur,9421190885,mahesh.goel@sample.com
P030,Priya,Yadav,53,Female,Surat,8578435949,priya.yadav@sample.com
R050,Ravi,Iyer,27,Male,Roorkee,8288340386,ravi.iyer@sample.com
S079,Sunil,Puri,24,Male,Bhubaneswar,8888164563,sunil.puri@sample.com
M044,Mansi,Bansal,60,Female,Pune,9958509798,mansi.bansal@sample.com
H014,Hemant,Sethi,65,Male,Bhopal,9950147280,hemant.sethi@sample.com
K051,Kajalika,Nair,20,Female,Bhopal,8387050187,kajalika.nair@sample.com
B016,Bina,Vashisht,49,Female,Jamshedpur,9934925328,bina.vashisht@sample.com
H015,Hardik,Biswas,62,Male,Agra,8862734819,hardik.biswas@sample.com
M045,Manish,Thakur,53,Male,Chennai,9839887944,manish.thakur@sample.com
Y004,Yamini,Arora,38,Female,Madurai,9501891167,yamini.arora@sample.com
K052,Kabir,Chatterjee,56,Male,Imphal,8217257803,kabir.chatterjee@sample.com
M046,Mridula,Adhikari,35,Female,Visakhapatnam,8033844417,mridula.adhikari@sample.com
S080,Sumanlata,Adhikari,28,Female,Indore,8333307278,sumanlata.adhikari@sample.com
A058,Ankit,Talwar,44,Male,Madurai,9775710631,ankit.talwar@sample.com
T011,Tushar,Biswas,30,Male,Haridwar,8470169945,tushar.biswas@sample.com
H016,Hardik,Aggarwal,33,Male,Chandigarh,9805271283,hardik.aggarwal@sample.com
H017,Harish,Upadhyay,37,Male,Pune,8687658657,harish.upadhyay@sample.com
M047,Meena,Sethi,23,Female,Siliguri,9855340199,meena.sethi@sample.com
S081,Salim,Chatterjee,50,Male,Bengaluru,9819635796,salim.chatterjee@sample.com
A059,Anusha,Bhattacharya,48,Female,Chandigarh,9058163596,anusha.bhattacharya@sample.com
J016,Jagdish,Nair,28,Male,Pune,9535832170,jagdish.nair@sample.com
S082,Seema,Gandhi,53,Female,Warangal,9556644098,seema.gandhi@sample.com
G012,Gauri,Iyer,43,Female,Siliguri,9752158316,gauri.iyer@sample.com
A060,Ankita,Aggarwal,38,Female,Gorakhpur,8464582581,ankita.aggarwal@sample.com
K053,Komal,Thakur,65,Female,Siliguri,9535620294,komal.thakur@sample.com
C013,Chandrika,Aggarwal,62,Female,Chandigarh,9756122201,chandrika.aggarwal@sample.com
K054,Kirti,Thakur,56,Female,Chandigarh,8465879401,kirti.thakur@sample.com
U003,Urmila,Verma,50,Female,Kanpur,9954580576,urmila.verma@sample.com
A061,Aarti,Menon,33,Female,Ranchi,9382900562,aarti.menon@sample.com
F002,Faisal,Bakshi,61,Male,Dehradun,9432698476,faisal.bakshi@sample.com
I022,Isha,Rajput,32,Female,Nagpur,8369304493,isha.rajput@sample.com
S083,Shreyas,Rao,46,Male,Chandigarh,8805666725,shreyas.rao@sample.com
P031,Parth,Chaudhary,20,Male,Rajkot,9521019482,parth.chaudhary@sample.com
V023,Vinod,Ahuja,46,Male,Vadodara,9508257854,vinod.ahuja@sample.com
F003,Faisal,Khan,50,Male,Nashik,8351894530,faisal.khan@sample.com
P032,Pranav,Bhat,19,Male,Madurai,9344759392,pranav.bhat@sample.com
K055,Kunal,Kakkar,41,Male,Vadodara,8276683202,kunal.kakkar@sample.com
S084,Sonali,Rastogi,59,Female,Jaipur,8827008314,sonali.rastogi@sample.com
R051,Ranjana,Bhat,19,Female,Hyderabad,8542959930,ranjana.bhat@sample.com
M048,Manju,Patel,53,Female,Coimbatore,9742231504,manju.patel@sample.com
S085,Shailesh,Kamble,46,Male,Nagpur,8864682233,shailesh.kamble@sample.com
H018,Harini,Sood,25,Female,Rajkot,9723661321,harini.sood@sample.com
N026,Nidhi,Ansari,35,Female,Patna,9743731075,nidhi.ansari@sample.com
D017,Devendra,Nigam,28,Male,Gaya,8765743922,devendra.nigam@sample.com
D018,Divya,Kaur,61,Female,Haridwar,9612738272,divya.kaur@sample.com
N027,Narayan,Singh,29,Male,Noida,9048712651,narayan.singh@sample.com
M049,Mayank,Bansal,20,Male,Tirupati,9411081432,mayank.bansal@sample.com
A062,Ajay,Choudhury,46,Male,Kanpur,9331034110,ajay.choudhury@sample.com
M050,Mayank,Sood,58,Male,Bhubaneswar,8556959259,mayank.sood@sample.com
R052,Ritika,Bhat,30,Female,Tirupati,8713861866,ritika.bhat@sample.com
A063,Alpana,Agarwal,30,Female,Chennai,9859398200,alpana.agarwal@sample.com
R053,Richa,Upadhyay,18,Female,Noida,9648335169,richa.upadhyay@sample.com
K056,Kunal,Das,27,Male,Nagpur,8213325382,kunal.das2@sample.com
T012,Tulsi,Ansari,37,Female,Guwahati,9624506102,tulsi.ansari@sample.com
A064,Alka,Cheema,26,Female,Vadodara,8558424327,alka.cheema@sample.com
I023,Ishaan,Bose,65,Male,Chennai,8212246427,ishaan.bose@sample.com
M051,Mehul,Mathur,58,Male,Surat,8508554890,mehul.mathur@sample.com
V024,Vinod,Ahluwalia,29,Male,Pune,8646248426,vinod.ahluwalia@sample.com
A065,Ankita,Acharya,57,Female,Agra,9605825636,ankita.acharya@sample.com
A066,Arjun,Mahajan,53,Male,Agartala,9646726025,arjun.mahajan@sample.com
H019,Hemant,Bakshi,34,Male,Noida,8712346031,hemant.bakshi@sample.com
G013,Ganesh,Iyengar,44,Male,Mumbai,8546033114,ganesh.iyengar@sample.com
S086,Seema,Luthra,56,Female,Hyderabad,8689191836,seema.luthra@sample.com
R054,Rakesh,Bedi,44,Male,Gorakhpur,8906462280,rakesh.bedi2@sample.com
S087,Sunita,Gill,43,Female,Ranchi,8105645237,sunita.gill@sample.com
U004,Umesh,Ansari,54,Male,Shillong,9713030733,umesh.ansari@sample.com
S088,Sameer,Rao,41,Male,Bhopal,8476926442,sameer.rao@sample.com
P033,Payal,Kakkar,42,Female,Dehradun,9244327350,payal.kakkar@sample.com
K057,Kusum,Jindal,31,Female,Haridwar,8449819287,kusum.jindal@sample.com
W004,Wasim,Roy,18,Male,Jodhpur,9414679886,wasim.roy@sample.com
H020,Hemant,Deshmukh,44,Male,Aizawl,8298846278,hemant.deshmukh@sample.com
A067,Alka,Aggarwal,57,Female,Chandigarh,8562544828,alka.aggarwal2@sample.com
K058,Kartik,Menon,56,Male,Kolkata,8810974950,kartik.menon@sample.com
A068,Anita,Pillai,29,Female,Nashik,9514898724,anita.pillai@sample.com
S089,Suresh,Kaur,45,Male,Patna,9224779430,suresh.kaur@sample.com
V025,Varun,Khanna,44,Male,Agartala,9805662581,varun.khanna@sample.com
M052,Mohini,Tripathi,41,Female,Jodhpur,9871382621,mohini.tripathi@sample.com
S090,Sonali,Talwar,23,Female,Jodhpur,8733532957,sonali.talwar@sample.com
I024,Irfan,Mann,22,Male,Lucknow,9064596941,irfan.mann@sample.com
K059,Komal,Thakur,52,Female,Vadodara,8869735686,komal.thakur2@sample.com
N028,Naina,Wadhwa,41,Female,Delhi,8967294153,naina.wadhwa@sample.com
N029,Naresh,Khanna,19,Male,Vijayawada,8127893262,naresh.khanna@sample.com
A069,Ashok,Bedi,63,Male,Ranchi,9990972043,ashok.bedi@sample.com
T013,Tanvi,Mathur,27,Female,Agartala,9983072347,tanvi.mathur@sample.com
A070,Archana,Khatri,23,Female,Surat,8961088989,archana.khatri@sample.com
P034,Payal,Sidhu,21,Female,Surat,8596768452,payal.sidhu@sample.com
O002,Omkar,Bhat,29,Male,Agartala,8912127754,omkar.bhat@sample.com
A071,Atharva,Dutta,22,Male,Ahmedabad,9735087606,atharva.dutta@sample.com
G014,Gaurav,Yadav,37,Male,Guwahati,9138820360,gaurav.yadav@sample.com
B017,Balram,Sandhu,22,Male,Vadodara,9584969610,balram.sandhu@sample.com
N030,Naresh,Brar,25,Male,Lucknow,8242634566,naresh.brar@sample.com
S091,Sadhana,Srivastava,63,Female,Gaya,9851940302,sadhana.srivastava@sample.com
N031,Nidhi,Mishra,38,Female,Udaipur,9239316574,nidhi.mishra@sample.com
R055,Rupali,Mathur,38,Female,Coimbatore,9032358015,rupali.mathur@sample.com
H021,Harini,Thakur,49,Female,Imphal,9626640120,harini.thakur@sample.com
P035,Pooja,Talwar,29,Female,Lucknow,8494345649,pooja.talwar@sample.com
P036,Payal,Menon,43,Female,Cuttack,8660437297,payal.menon@sample.com
G015,Ganesh,Kohli,35,Male,Howrah,9434854553,ganesh.kohli@sample.com
Y005,Yogesh,Rajput,36,Male,Guwahati,9265170880,yogesh.rajput@sample.com
S092,Sonal,Mahajan,53,Female,Imphal,8166375123,sonal.mahajan@sample.com
M053,Mohit,Kakkar,54,Male,Visakhapatnam,8346022998,mohit.kakkar@sample.com
B018,Balram,Deshmukh,45,Male,Warangal,9136668485,balram.deshmukh@sample.com
S093,Shubham,Pandey,19,Male,Agartala,8414350704,shubham.pandey@sample.com
T014,Tulsi,Sharma,45,Female,Kolkata,8941835814,tulsi.sharma2@sample.com
M054,Mohit,Menon,64,Male,Pune,9950005766,mohit.menon@sample.com
G016,Govind,Roy,63,Male,Hyderabad,9900555184,govind.roy@sample.com
P037,Padmini,Sethi,38,Female,Delhi,8067809834,padmini.sethi@sample.com
R056,Rituja,Pandey,53,Female,Warangal,9714224914,rituja.pandey@sample.com
A072,Aditya,Gupta,26,Male,Imphal,9411193266,aditya.gupta@sample.com
P038,Pankaj,Bajaj,39,Male,Patna,9974117070,pankaj.bajaj@sample.com
A073,Anita,Sen,24,Female,Jamshedpur,9357122743,anita.sen@sample.com
S094,Shweta,Aggarwal,39,Female,Udaipur,8769991948,shweta.aggarwal@sample.com
S095,Sonali,Dutta,34,Female,Gorakhpur,8163112144,sonali.dutta@sample.com
A074,Arvind,Sen,20,Male,Rajkot,9417143331,arvind.sen@sample.com
A075,Atharva,Bajaj,22,Male,Aizawl,9182854154,atharva.bajaj@sample.com
B019,Bhavika,Luthra,51,Female,Delhi,9650122279,bhavika.luthra@sample.com
S096,Shikha,Khatri,51,Female,Imphal,8154734371,shikha.khatri@sample.com
S097,Smita,Gandhi,19,Female,Vadodara,9704525565,smita.gandhi@sample.com
A076,Ankit,Sandhu,19,Male,Rajkot,9393417824,ankit.sandhu@sample.com
V026,Vandana,Adhikari,44,Female,Surat,9705054123,vandana.adhikari@sample.com
S098,Shashi,Rajput,38,Female,Ahmedabad,9335988268,shashi.rajput@sample.com
K060,Keshav,Cheema,31,Male,Chennai,9472135080,keshav.cheema@sample.com
H022,Harini,Puri,44,Female,Ranchi,9236545031,harini.puri@sample.com
D019,Divya,Iyer,43,Female,Amritsar,9672620797,divya.iyer@sample.com
S099,Sanjay,Yadav,47,Male,Jodhpur,8355534003,sanjay.yadav@sample.com
J017,Jagdish,Acharya,63,Male,Warangal,8855273636,jagdish.acharya@sample.com
K061,Kavita,Nigam,21,Female,Delhi,9226104173,kavita.nigam@sample.com
C014,Chhavi,Chawla,39,Female,Noida,8611454964,chhavi.chawla@sample.com
A077,Akhil,Kapoor,22,Male,Noida,8407716101,akhil.kapoor@sample.com
M055,Madhav,Rao,29,Male,Nashik,8210078250,madhav.rao@sample.com
S100,Sachin,Pillai,19,Male,Pune,9091492196,sachin.pillai@sample.com
S101,Sakshi,Mukherjee,23,Female,Howrah,9641559496,sakshi.mukherjee@sample.com
P039,Puneet,Ansari,52,Male,Delhi,8960176029,puneet.ansari@sample.com
V027,Vaishali,Mishra,53,Female,Agartala,9309918605,vaishali.mishra@sample.com
S102,Swati,Chatterjee,55,Female,Patna,8571440759,swati.chatterjee2@sample.com
Y006,Yamini,Brar,30,Female,Jaipur,8387011598,yamini.brar@sample.com
R057,Ranjana,Nair,56,Female,Rajkot,9754184135,ranjana.nair@sample.com
N032,Nandini,Aggarwal,38,Female,Bengaluru,8715046463,nandini.aggarwal@sample.com
M056,Mohini,Bedi,55,Female,Pune,8593643260,mohini.bedi@sample.com
R058,Rohit,Ghosh,51,Male,Vijayawada,8994524312,rohit.ghosh@sample.com
M057,Manisha,Deol,50,Female,Ranchi,9394063420,manisha.deol@sample.com
H023,Harish,Khatri,28,Male,Howrah,8299797829,harish.khatri@sample.com
U005,Umesh,Singh,43,Male,Amritsar,8964284472,umesh.singh@sample.com
W005,Wasim,Arora,48,Male,Warangal,8818072594,wasim.arora@sample.com
S103,Sachin,Pandey,48,Male,Ranchi,9004274141,sachin.pandey@sample.com
A078,Archana,Aggarwal,35,Female,Nagpur,8175179702,archana.aggarwal@sample.com
B020,Bhavna,Das,31,Female,Pune,8309410507,bhavna.das@sample.com
V028,Vikas,Mishra,37,Male,Jamshedpur,8775444270,vikas.mishra@sample.com
S104,Shilpa,Sibal,57,Female,Jaipur,9368165798,shilpa.sibal@sample.com
J018,Jyoti,Kamble,62,Female,Vadodara,8946263201,jyoti.kamble@sample.com
V029,Vinod,Dubey,28,Male,Ranchi,9374742751,vinod.dubey@sample.com
I025,Ila,Pillai,21,Female,Vadodara,9922941212,ila.pillai@sample.com
G017,Ganesh,Bajaj,36,Male,Cuttack,8379237142,ganesh.bajaj@sample.com
A079,Abhishek,Mann,40,Male,Shillong,9967222966,abhishek.mann@sample.com
B021,Balram,Bansal,49,Male,Guwahati,9618499160,balram.bansal@sample.com
L008,Laxmi,Choudhury,27,Female,Kanpur,8271450531,laxmi.choudhury@sample.com
A080,Alka,Kamble,57,Female,Noida,9630027277,alka.kamble@sample.com
B022,Bhavesh,Ghosh,27,Male,Surat,8707335034,bhavesh.ghosh@sample.com
I026,Irfan,Mahajan,21,Male,Indore,9999217794,irfan.mahajan@sample.com
N033,Nikhil,Ghosh,19,Male,Madurai,9351833086,nikhil.ghosh@sample.com
M058,Mansi,Biswas,37,Female,Aizawl,8034133546,mansi.biswas@sample.com
S105,Sandeep,Nair,25,Male,Cuttack,8447529627,sandeep.nair@sample.com
C015,Charu,Kamble,22,Female,Noida,9371474032,charu.kamble@sample.com
B023,Bhavika,Sethi,18,Female,Siliguri,9530464269,bhavika.sethi@sample.com
D020,Deepika,Dutta,49,Female,Tirupati,9492099987,deepika.dutta@sample.com
N034,Nitin,Khan,29,Male,Imphal,9177742107,nitin.khan@sample.com
V030,Vikas,Luthra,55,Male,Cuttack,9636783536,vikas.luthra@sample.com
G018,Gaurav,Bansal,43,Male,Aizawl,8634741643,gaurav.bansal@sample.com
M059,Manoj,Upadhyay,23,Male,Gorakhpur,9351902477,manoj.upadhyay@sample.com
T015,Tulsi,Brar,43,Female,Noida,9355987998,tulsi.brar@sample.com
H024,Hardik,Acharya,27,Male,Bhubaneswar,8815947574,hardik.acharya@sample.com
S106,Shreyas,Ahluwalia,34,Male,Bhubaneswar,9709814928,shreyas.ahluwalia@sample.com
P040,Payal,Wadhwa,33,Female,Jamshedpur,8927898778,payal.wadhwa@sample.com
S107,Smita,Nigam,43,Female,Amritsar,8866096183,smita.nigam@sample.com
M060,Madhuri,Sabharwal,58,Female,Agra,8406847967,madhuri.sabharwal@sample.com
G019,Gauri,Nair,39,Female,Jodhpur,8690365699,gauri.nair@sample.com
A081,Ankit,Agarwal,44,Male,Chandigarh,9914484623,ankit.agarwal@sample.com
W006,Wasim,Sood,26,Male,Guwahati,9983692392,wasim.sood@sample.com
A082,Alpana,Shetty,60,Female,Guwahati,8691882073,alpana.shetty@sample.com
K062,Krishna,Brar,34,Male,Shillong,8734926417,krishna.brar@sample.com
H025,Harini,Garg,28,Female,Hyderabad,9996257267,harini.garg@sample.com
R059,Ritu,Garg,43,Female,Haridwar,9668459855,ritu.garg@sample.com
M061,Mohit,Cheema,37,Male,Patna,9726474030,mohit.cheema@sample.com
C016,Chirag,Hussain,18,Male,Nashik,8813109112,chirag.hussain@sample.com
K063,Kiranmayi,Yadav,61,Female,Agartala,8659775354,kiranmayi.yadav@sample.com
S108,Shobha,Menon,33,Female,Cuttack,9912959705,shobha.menon@sample.com
M062,Manisha,Choudhury,19,Female,Aizawl,8673145154,manisha.choudhury@sample.com
L009,Leena,Malhotra,46,Female,Jamshedpur,9323210405,leena.malhotra@sample.com
M063,Mala,Sharma,41,Female,Delhi,8133066715,mala.sharma@sample.com
P041,Pratima,Agarwal,63,Female,Lucknow,9129191938,pratima.agarwal@sample.com
Y007,Yogesh,Sethi,46,Male,Madurai,8182818496,yogesh.sethi@sample.com
S109,Sunil,Bose,35,Male,Pune,9930779736,sunil.bose@sample.com
B024,Bina,Garg,62,Female,Amritsar,9575585598,bina.garg@sample.com
M064,Mehul,Choudhury,46,Male,Jodhpur,8758013530,mehul.choudhury@sample.com
S110,Seema,Bhattacharya,54,Female,Roorkee,8918794693,seema.bhattacharya@sample.com
R060,Rohit,Khanna,21,Male,Amritsar,8349927700,rohit.khanna@sample.com
K064,Kritika,Kapoor,28,Female,Patna,8131647423,kritika.kapoor@sample.com
C017,Chhavi,Sidhu,34,Female,Bengaluru,8639436786,chhavi.sidhu2@sample.com
S111,Sarita,Choudhury,37,Female,Rajkot,8526565874,sarita.choudhury@sample.com
S112,Swati,Saha,64,Female,Patna,9775003154,swati.saha@sample.com
B025,Bhavesh,Iyengar,39,Male,Vijayawada,8357351577,bhavesh.iyengar@sample.com
G020,Gaurav,Ghosh,60,Male,Rajkot,8196983033,gaurav.ghosh@sample.com
S113,Shivam,Oberoi,34,Male,Ranchi,8066417088,shivam.oberoi@sample.com
A083,Alka,Jindal,56,Female,Dehradun,8171682015,alka.jindal@sample.com
P042,Pranav,Pillai,43,Male,Warangal,8173352239,pranav.pillai@sample.com
T016,Tulsi,Sabharwal,41,Female,Gaya,8429722114,tulsi.sabharwal@sample.com
C018,Charu,Oberoi,37,Female,Bhubaneswar,9348527346,charu.oberoi@sample.com
G021,Govind,Gill,34,Male,Vadodara,8165928836,govind.gill@sample.com
S114,Smita,Gill,33,Female,Surat,8090934625,smita.gill@sample.com
B026,Bhavesh,Biswas,60,Male,Gaya,8886865913,bhavesh.biswas@sample.com
R061,Rohan,Kohli,36,Male,Mysuru,9004424571,rohan.kohli@sample.com
R062,Rekha,Shukla,46,Female,Haridwar,8154609958,rekha.shukla@sample.com
A084,Alka,Brar,18,Female,Bhubaneswar,9262479542,alka.brar@sample.com
K065,Kritika,Talwar,60,Female,Roorkee,9799352261,kritika.talwar@sample.com
A085,Aditya,Kohli,61,Male,Bhopal,9530722824,aditya.kohli@sample.com
N035,Narayan,Mishra,50,Male,Bengaluru,9071326117,narayan.mishra@sample.com
R063,Rituraj,Sharma,56,Male,Haridwar,8551479371,rituraj.sharma@sample.com
R064,Rahul,Mehta,24,Male,Surat,9946016904,rahul.mehta@sample.com
V031,Vikas,Mishra,59,Male,Dehradun,8207449453,vikas.mishra2@sample.com
A086,Arvind,Rajput,24,Male,Jodhpur,8172304051,arvind.rajput@sample.com
B027,Bina,Malhotra,18,Female,Lucknow,8285890904,bina.malhotra@sample.com
I027,Irfan,Acharya,60,Male,Howrah,8327525712,irfan.acharya@sample.com
U006,Umesh,Saha,23,Male,Agartala,8554256034,umesh.saha@sample.com
M065,Mohit,Upadhyay,53,Male,Chandigarh,8562259872,mohit.upadhyay@sample.com
C019,Chirag,Hegde,23,Male,Noida,9388224712,chirag.hegde@sample.com
S115,Seema,Upadhyay,53,Female,Delhi,8466085385,seema.upadhyay@sample.com
A087,Akhil,Bose,51,Male,Agartala,9653832889,akhil.bose@sample.com
H026,Hemant,Sabharwal,55,Male,Bhopal,8794357379,hemant.sabharwal@sample.com
D021,Dhruv,Saha,25,Male,Kanpur,8460271745,dhruv.saha@sample.com
K066,Krishna,Chawla,44,Male,Hyderabad,8683863772,krishna.chawla@sample.com
A088,Archana,Nagpal,56,Female,Surat,9112339315,archana.nagpal@sample.com
S116,Sangeeta,Choudhury,23,Female,Delhi,9082404634,sangeeta.choudhury@sample.com
S117,Sachin,Kansal,44,Male,Howrah,8243733896,sachin.kansal@sample.com
N036,Neelam,Kapoor,64,Female,Dehradun,8524897483,neelam.kapoor@sample.com
K067,Kunal,Bakshi,18,Male,Guwahati,8228130927,kunal.bakshi@sample.com
H027,Hemlata,Malhotra,52,Female,Nagpur,9186517873,hemlata.malhotra@sample.com
S118,Shailesh,Saxena,59,Male,Jodhpur,8032799860,shailesh.saxena@sample.com
M066,Manju,Jindal,40,Female,Pune,9761815292,manju.jindal@sample.com
N037,Naresh,Iyengar,42,Male,Tirupati,9853073853,naresh.iyengar@sample.com
G022,Govind,Menon,40,Male,Indore,8450099004,govind.menon@sample.com
K068,Kabir,Saha,22,Male,Nashik,8457645046,kabir.saha@sample.com
T017,Tejas,Khanna,39,Male,Vadodara,9156984302,tejas.khanna@sample.com
L010,Laxmi,Mittal,54,Female,Dehradun,9482295684,laxmi.mittal@sample.com
V032,Vikas,Verma,49,Male,Bhubaneswar,8937036084,vikas.verma@sample.com
M067,Mukesh,Mehta,50,Male,Bhopal,9495497558,mukesh.mehta@sample.com
V033,Vandana,Bakshi,45,Female,Patna,8207525145,vandana.bakshi@sample.com
M068,Mayank,Yadav,63,Male,Agartala,9753668117,mayank.yadav@sample.com
A089,Arjun,Khan,50,Male,Udaipur,9188497826,arjun.khan@sample.com
A090,Amit,Puri,33,Male,Siliguri,8665549065,amit.puri@sample.com
S119,Saurabh,Chatterjee,42,Male,Madurai,8432926024,saurabh.chatterjee2@sample.com
N038,Nikhil,Das,21,Male,Jamshedpur,9847603576,nikhil.das@sample.com
A091,Amit,Luthra,59,Male,Tirupati,8233730585,amit.luthra@sample.com
V034,Vivek,Verma,59,Male,Tirupati,9346243544,vivek.verma@sample.com
N039,Neelam,Ahuja,28,Female,Warangal,8521588457,neelam.ahuja@sample.com
A092,Anjali,Ahuja,50,Female,Jamshedpur,9639397939,anjali.ahuja@sample.com
N040,Neha,Dutta,24,Female,Surat,8137127028,neha.dutta@sample.com
C020,Charu,Menon,40,Female,Vijayawada,9356064902,charu.menon@sample.com
S120,Sakshi,Jindal,28,Female,Mysuru,9463051243,sakshi.jindal@sample.com
S121,Smita,Nair,18,Female,Pune,8904628034,smita.nair@sample.com
S122,Shivam,Nair,32,Male,Jodhpur,9096738431,shivam.nair@sample.com
K069,Kirti,Gandhi,47,Female,Jamshedpur,9953363487,kirti.gandhi@sample.com
J019,Jayesh,Choudhury,51,Male,Haridwar,9422276272,jayesh.choudhury@sample.com
J020,Jitendra,Rao,55,Male,Vadodara,9365555530,jitendra.rao@sample.com
A093,Atharva,Aggarwal,56,Male,Siliguri,8868408057,atharva.aggarwal@sample.com
S123,Sunil,Iyengar,42,Male,Visakhapatnam,8990956755,sunil.iyengar@sample.com
P043,Pratima,Kapoor,57,Female,Visakhapatnam,9893003481,pratima.kapoor@sample.com
K070,Kusum,Goel,30,Female,Jodhpur,8138320489,kusum.goel@sample.com
V035,Vivek,Mann,20,Male,Roorkee,8384433467,vivek.mann@sample.com
A094,Aishwarya,Puri,60,Female,Rajkot,9473796123,aishwarya.puri@sample.com
A095,Anusha,Nagpal,61,Female,Madurai,9885825011,anusha.nagpal@sample.com
R065,Rupali,Bhardwaj,21,Female,Aizawl,8973523631,rupali.bhardwaj@sample.com
H028,Hemant,Gill,52,Male,Visakhapatnam,8473125174,hemant.gill@sample.com
R066,Rekha,Vashisht,58,Female,Agra,9620452939,rekha.vashisht@sample.com
I028,Ishaan,Jain,56,Male,Jaipur,9314008493,ishaan.jain@sample.com
D022,Deepika,Upadhyay,26,Female,Agra,9673991224,deepika.upadhyay@sample.com
M069,Manoj,Mathur,44,Male,Jodhpur,8996998156,manoj.mathur@sample.com
K071,Kabir,Nagpal,18,Male,Durgapur,9260275372,kabir.nagpal@sample.com
M070,Mansi,Joshi,39,Female,Vadodara,8430985707,mansi.joshi@sample.com
K072,Kajalika,Gill,37,Female,Visakhapatnam,9595007635,kajalika.gill@sample.com
M071,Manju,Cheema,61,Female,Kanpur,9071678259,manju.cheema@sample.com
D023,Dinesh,Mishra,28,Male,Rajkot,9114490866,dinesh.mishra@sample.com
K073,Kritika,Bedi,26,Female,Shillong,9320523735,kritika.bedi2@sample.com
I029,Irfan,Saxena,38,Male,Bhubaneswar,8436840839,irfan.saxena@sample.com
I030,Ishaan,Chopra,23,Male,Varanasi,9573848037,ishaan.chopra@sample.com
P044,Priti,Talwar,47,Female,Chandigarh,9305068777,priti.talwar@sample.com
P045,Pallavi,Chopra,58,Female,Howrah,9263748693,pallavi.chopra@sample.com
D024,Dinesh,Rastogi,45,Male,Agartala,9657392645,dinesh.rastogi@sample.com
G023,Ganesh,Gill,30,Male,Chennai,9123516020,ganesh.gill@sample.com
K074,Kartik,Sharma,24,Male,Howrah,9813964035,kartik.sharma@sample.com
B028,Bhavika,Tandon,39,Female,Noida,8255125837,bhavika.tandon@sample.com
S124,Sachin,Luthra,60,Male,Rajkot,8753853039,sachin.luthra@sample.com
P046,Pallavi,Chawla,20,Female,Gaya,9104782061,pallavi.chawla@sample.com
S125,Sakshi,Roy,52,Female,Mysuru,8647835541,sakshi.roy@sample.com
R067,Rajesh,Dutta,65,Male,Ranchi,8783194526,rajesh.dutta@sample.com
K075,Kritika,Yadav,27,Female,Rajkot,8404143707,kritika.yadav@sample.com
I031,Ishaan,Patel,59,Male,Agra,9662056138,ishaan.patel@sample.com
S126,Shailesh,Srivastava,30,Male,Dehradun,9498781441,shailesh.srivastava@sample.com
S127,Shashi,Rajput,54,Female,Varanasi,8795370291,shashi.rajput2@sample.com
N041,Neeraj,Iyengar,23,Male,Dehradun,8454774178,neeraj.iyengar@sample.com
I032,Isha,Mathur,52,Female,Vadodara,8572487249,isha.mathur@sample.com
S128,Sameer,Das,65,Male,Shillong,9571947806,sameer.das@sample.com
N042,Naina,Chopra,57,Female,Haridwar,8285293593,naina.chopra@sample.com
N043,Nidhi,Sen,32,Female,Durgapur,9796975761,nidhi.sen@sample.com
A096,Akhil,Iyengar,57,Male,Jaipur,9327441425,akhil.iyengar@sample.com
K076,Kabir,Kumar,41,Male,Bhubaneswar,8242044171,kabir.kumar@sample.com
A097,Atharva,Wadhwa,64,Male,Vijayawada,9538202006,atharva.wadhwa@sample.com
B029,Bhavna,Upadhyay,57,Female,Agra,9739791505,bhavna.upadhyay@sample.com
S129,Sonal,Garg,22,Female,Hyderabad,8882676474,sonal.garg@sample.com
J021,Jitendra,Kulkarni,41,Male,Jodhpur,9575997605,jitendra.kulkarni@sample.com
R068,Rashmi,Srivastava,26,Female,Bhopal,9755610415,rashmi.srivastava@sample.com
P047,Piyush,Agarwal,49,Male,Kolkata,9506595797,piyush.agarwal@sample.com
M072,Mohit,Deshmukh,50,Male,Gaya,8153643097,mohit.deshmukh@sample.com
M073,Mahesh,Mahajan,53,Male,Jodhpur,8401566492,mahesh.mahajan@sample.com
I033,Irfan,Puri,63,Male,Varanasi,9733473973,irfan.puri@sample.com
N044,Neha,Khatri,52,Female,Jamshedpur,8638002011,neha.khatri@sample.com
B030,Bhavika,Khan,30,Female,Nashik,8009429271,bhavika.khan@sample.com
V036,Vivek,Rao,65,Male,Imphal,9913042971,vivek.rao@sample.com
S130,Shivam,Sen,53,Male,Kolkata,9609709131,shivam.sen@sample.com
S131,Sumanlata,Agarwal,59,Female,Noida,9086424442,sumanlata.agarwal@sample.com
S132,Sameer,Tandon,20,Male,Dehradun,9028042693,sameer.tandon@sample.com
M074,Mohit,Sethi,47,Male,Amritsar,8260166003,mohit.sethi@sample.com
M075,Mala,Kohli,23,Female,Jodhpur,9266427801,mala.kohli@sample.com
T018,Tanvi,Sabharwal,55,Female,Imphal,9729326754,tanvi.sabharwal@sample.com
D025,Devansh,Chawla,42,Male,Mumbai,8236223874,devansh.chawla@sample.com
T019,Tarun,Deshmukh,48,Male,Mumbai,9925767346,tarun.deshmukh@sample.com
A098,Anjali,Ahuja,26,Female,Gorakhpur,8002035608,anjali.ahuja2@sample.com
K077,Kritika,Mehta,54,Female,Jaipur,8505036552,kritika.mehta@sample.com
P048,Poonam,Arora,53,Female,Nagpur,8252970694,poonam.arora@sample.com
Y008,Yamini,Mishra,62,Female,Nashik,8976949750,yamini.mishra@sample.com
A099,Atharva,Vashisht,53,Male,Imphal,9782751684,atharva.vashisht@sample.com
V037,Vinod,Sharma,44,Male,Bengaluru,8718030463,vinod.sharma@sample.com
S133,Shobha,Rajput,31,Female,Siliguri,9434035006,shobha.rajput@sample.com
N045,Neeraj,Tandon,49,Male,Nashik,8679708849,neeraj.tandon@sample.com
D026,Divya,Verma,25,Female,Hyderabad,8634628420,divya.verma@sample.com
D027,Deepika,Bedi,37,Female,Ahmedabad,9201412103,deepika.bedi@sample.com
J022,Javed,Khan,50,Male,Chennai,8127671083,javed.khan@sample.com
A100,Atharva,Sharma,37,Male,Agartala,9677294373,atharva.sharma@sample.com
M076,Mridula,Sood,43,Female,Chennai,9916880896,mridula.sood@sample.com
U007,Urmila,Luthra,40,Female,Jodhpur,9232702740,urmila.luthra@sample.com
K078,Komal,Luthra,59,Female,Lucknow,8124330283,komal.luthra@sample.com
I034,Indu,Tripathi,43,Female,Howrah,8785191185,indu.tripathi@sample.com
G024,Govind,Cheema,26,Male,Bhubaneswar,8585521148,govind.cheema@sample.com
S134,Seema,Ahuja,31,Female,Coimbatore,9018632552,seema.ahuja@sample.com
S135,Sanjay,Tandon,55,Male,Durgapur,9993133917,sanjay.tandon@sample.com
B031,Bhavesh,Rajput,47,Male,Kanpur,8100958262,bhavesh.rajput@sample.com
P049,Puneet,Puri,26,Male,Vijayawada,8377056249,puneet.puri@sample.com
S136,Sonal,Pandey,22,Female,Aizawl,8968900276,sonal.pandey@sample.com
S137,Seema,Sethi,39,Female,Vadodara,8901108119,seema.sethi@sample.com
S138,Sonal,Saxena,25,Female,Durgapur,8658941393,sonal.saxena@sample.com
N046,Naveen,Tripathi,62,Male,Coimbatore,9354530842,naveen.tripathi@sample.com
K079,Kapil,Dutta,25,Male,Lucknow,9539521964,kapil.dutta@sample.com
S139,Sachin,Tandon,59,Male,Vijayawada,8962661045,sachin.tandon@sample.com
S140,Shankar,Trivedi,56,Male,Siliguri,9257329441,shankar.trivedi@sample.com
S141,Shikha,Bakshi,59,Female,Bengaluru,9625482906,shikha.bakshi@sample.com
U008,Urmila,Mahajan,34,Female,Dehradun,9754446887,urmila.mahajan@sample.com
S142,Seema,Jain,25,Female,Ranchi,8282455369,seema.jain@sample.com
A101,Arjun,Sood,22,Male,Ranchi,9451704093,arjun.sood@sample.com
D028,Dhruv,Thakur,25,Male,Vijayawada,8826820113,dhruv.thakur@sample.com
R069,Ritika,Bhat,18,Female,Bengaluru,8564985436,ritika.bhat2@sample.com
B032,Bhavika,Nair,49,Female,Haridwar,8654684689,bhavika.nair@sample.com
S143,Sangeeta,Talwar,28,Female,Patna,8248037782,sangeeta.talwar@sample.com
N047,Neeraj,Aggarwal,48,Male,Tirupati,9581569685,neeraj.aggarwal@sample.com
S144,Shobha,Bhardwaj,35,Female,Gaya,8983881426,shobha.bhardwaj@sample.com
I035,Isha,Ansari,47,Female,Agra,9876557934,isha.ansari@sample.com
K080,Kanchan,Iyer,29,Female,Surat,9811260081,kanchan.iyer@sample.com
D029,Damini,Khan,38,Female,Agartala,8230073917,damini.khan@sample.com
A102,Aarti,Sen,49,Female,Guwahati,8773815216,aarti.sen@sample.com
A103,Alka,Sethi,42,Female,Amritsar,9751224524,alka.sethi@sample.com
B033,Bina,Nigam,19,Female,Shillong,8435058771,bina.nigam@sample.com
S145,Sakshi,Chatterjee,28,Female,Hyderabad,9178827885,sakshi.chatterjee@sample.com
K081,Keshav,Sidhu,41,Male,Chennai,8928791186,keshav.sidhu@sample.com
I036,Imran,Verma,27,Male,Bhopal,9016434912,imran.verma@sample.com
T020,Tarun,Deshmukh,55,Male,Siliguri,8663420772,tarun.deshmukh2@sample.com
P050,Poonam,Kumar,37,Female,Udaipur,8193936993,poonam.kumar@sample.com
A104,Alka,Saxena,59,Female,Coimbatore,9526819915,alka.saxena@sample.com
J023,Jyoti,Jindal,28,Female,Haridwar,9282793766,jyoti.jindal@sample.com
S146,Shruti,Acharya,28,Female,Ahmedabad,9320067142,shruti.acharya@sample.com
R070,Rohit,Rao,21,Male,Agartala,8458127988,rohit.rao@sample.com
P051,Payal,Ahuja,60,Female,Jaipur,8650307072,payal.ahuja@sample.com
M077,Manisha,Hegde,22,Female,Chennai,8287584491,manisha.hegde@sample.com
P052,Pankaj,Sharma,46,Male,Imphal,9555476531,pankaj.sharma@sample.com
A105,Anjali,Puri,25,Female,Ahmedabad,9905425860,anjali.puri@sample.com
N048,Naina,Khatri,29,Female,Agartala,8786817243,naina.khatri@sample.com
A106,Ashok,Tandon,56,Male,Udaipur,9908638568,ashok.tandon@sample.com
C021,Chirag,Sandhu,25,Male,Bengaluru,9032092745,chirag.sandhu@sample.com
V038,Vivek,Hegde,48,Male,Shillong,9721795378,vivek.hegde@sample.com
K082,Kajalika,Ansari,65,Female,Delhi,8515380774,kajalika.ansari@sample.com
V039,Varun,Bhardwaj,35,Male,Varanasi,9512615256,varun.bhardwaj@sample.com
C022,Charu,Bajaj,21,Female,Aizawl,9009056319,charu.bajaj@sample.com
M078,Mohini,Mathur,33,Female,Udaipur,9829247146,mohini.mathur@sample.com
S147,Siddharth,Bakshi,33,Male,Indore,8222671270,siddharth.bakshi@sample.com
D030,Deepak,Chatterjee,37,Male,Madurai,8421593255,deepak.chatterjee@sample.com
N049,Narayan,Mann,64,Male,Mumbai,9954034036,narayan.mann@sample.com
R071,Rupali,Aggarwal,44,Female,Haridwar,9217407997,rupali.aggarwal@sample.com
R072,Rupali,Chawla,60,Female,Lucknow,8197730407,rupali.chawla@sample.com
P053,Pankaj,Gandhi,46,Male,Kanpur,9271608081,pankaj.gandhi@sample.com
K083,Kavita,Upadhyay,41,Female,Pune,8517503796,kavita.upadhyay@sample.com
S148,Sonali,Shukla,40,Female,Hyderabad,8194388533,sonali.shukla@sample.com
S149,Sonal,Kaur,63,Female,Vijayawada,8491641905,sonal.kaur@sample.com
J024,Jayesh,Gill,49,Male,Mumbai,8468832287,jayesh.gill@sample.com
C023,Chandrika,Sethi,50,Female,Chennai,8089705304,chandrika.sethi@sample.com
J025,Jitendra,Bakshi,60,Male,Mysuru,9970754792,jitendra.bakshi@sample.com
M079,Mohit,Roy,62,Male,Bengaluru,8649003100,mohit.roy@sample.com
A107,Akhil,Trivedi,54,Male,Shillong,8436109539,akhil.trivedi@sample.com
S150,Shubham,Nagpal,29,Male,Bhubaneswar,9022580337,shubham.nagpal@sample.com
R073,Rituja,Mittal,51,Female,Hyderabad,9769156088,rituja.mittal@sample.com
J026,Jitendra,Rao,36,Male,Tirupati,9076537964,jitendra.rao2@sample.com
N050,Naina,Verma,54,Female,Coimbatore,8116039734,naina.verma@sample.com
S151,Shikha,Mehta,58,Female,Gaya,8517285359,shikha.mehta@sample.com
N051,Nitin,Iyengar,45,Male,Imphal,8707032005,nitin.iyengar@sample.com
S152,Shweta,Menon,53,Female,Surat,9339373884,shweta.menon@sample.com
P054,Puneet,Aggarwal,53,Male,Coimbatore,9464936171,puneet.aggarwal@sample.com
D031,Dhruv,Mishra,57,Male,Delhi,9516672281,dhruv.mishra@sample.com
A108,Alok,Pandey,43,Male,Patna,9725411429,alok.pandey@sample.com
T021,Tulsi,Rajput,26,Female,Gorakhpur,8996127478,tulsi.rajput@sample.com
T022,Trisha,Kohli,51,Female,Bengaluru,8063159654,trisha.kohli@sample.com
K084,Kanchan,Sen,26,Female,Indore,9360953573,kanchan.sen@sample.com
H029,Hemant,Yadav,27,Male,Surat,9261787041,hemant.yadav@sample.com
M080,Meena,Khanna,25,Female,Jodhpur,9702419226,meena.khanna@sample.com
V040,Vivek,Adhikari,55,Male,Indore,9595525067,vivek.adhikari@sample.com
R074,Ranjana,Ansari,42,Female,Chennai,8191451690,ranjana.ansari@sample.com
N052,Nikhil,Chatterjee,39,Male,Varanasi,9574115287,nikhil.chatterjee@sample.com
S153,Sonal,Hussain,33,Female,Gaya,9613887844,sonal.hussain@sample.com
A109,Ashok,Rastogi,18,Male,Varanasi,8058353135,ashok.rastogi@sample.com
I037,Irfan,Rastogi,18,Male,Guwahati,8962963427,irfan.rastogi@sample.com
S154,Shweta,Roy,48,Female,Aizawl,9523950081,shweta.roy@sample.com
P055,Puneet,Biswas,20,Male,Nagpur,8060538636,puneet.biswas@sample.com
R075,Ritu,Mukherjee,28,Female,Roorkee,8919090987,ritu.mukherjee@sample.com
A110,Aishwarya,Mathur,50,Female,Mysuru,8579220467,aishwarya.mathur@sample.com
D032,Devendra,Kakkar,55,Male,Aizawl,8015932737,devendra.kakkar@sample.com
N053,Narayan,Trivedi,31,Male,Jamshedpur,9758784366,narayan.trivedi@sample.com
N054,Naina,Pillai,51,Female,Jodhpur,9983311578,naina.pillai@sample.com
I038,Ishaan,Hussain,52,Male,Jodhpur,9665518334,ishaan.hussain@sample.com
R076,Rakesh,Kumar,28,Male,Howrah,8242189393,rakesh.kumar@sample.com
A111,Aditya,Agarwal,20,Male,Siliguri,9986774562,aditya.agarwal@sample.com
A112,Alka,Nigam,56,Female,Tirupati,8233953990,alka.nigam@sample.com
H030,Harini,Sethi,38,Female,Warangal,9016305798,harini.sethi@sample.com
T023,Tanvi,Tandon,24,Female,Noida,8421205051,tanvi.tandon@sample.com
A113,Ajay,Banerjee,34,Male,Bengaluru,8630328470,ajay.banerjee@sample.com
R077,Rajesh,Agarwal,49,Male,Aizawl,8732846239,rajesh.agarwal@sample.com
S155,Sumanlata,Cheema,34,Female,Chandigarh,9615692211,sumanlata.cheema@sample.com
M081,Meena,Ansari,29,Female,Surat,8548688980,meena.ansari@sample.com
A114,Avni,Sidhu,19,Female,Imphal,9104417536,avni.sidhu@sample.com
D033,Dinesh,Garg,62,Male,Tirupati,8471413636,dinesh.garg@sample.com
A115,Anita,Mukherjee,51,Female,Chandigarh,9274896402,anita.mukherjee@sample.com
S156,Suraj,Kakkar,62,Male,Jamshedpur,8592285807,suraj.kakkar@sample.com
G025,Govind,Kaur,36,Male,Roorkee,9882967679,govind.kaur@sample.com
S157,Sunil,Brar,42,Male,Nagpur,8605396098,sunil.brar@sample.com
R078,Rakesh,Srivastava,21,Male,Gorakhpur,8199998166,rakesh.srivastava@sample.com
D034,Devendra,Iyengar,40,Male,Vijayawada,8795547828,devendra.iyengar@sample.com
N055,Narayan,Vashisht,27,Male,Guwahati,8852389743,narayan.vashisht@sample.com
K085,Karishma,Gill,59,Female,Agartala,8929004189,karishma.gill2@sample.com
P056,Paresh,Mishra,58,Male,Kolkata,9506749671,paresh.mishra@sample.com
V041,Vinod,Kapoor,41,Male,Vadodara,8992838015,vinod.kapoor@sample.com
I039,Imran,Puri,62,Male,Jodhpur,9967375766,imran.puri@sample.com
S158,Shruti,Saha,51,Female,Noida,8350396832,shruti.saha@sample.com
P057,Padmini,Iyengar,18,Female,Vadodara,9069776119,padmini.iyengar@sample.com
M082,Mukesh,Sandhu,46,Male,Bhubaneswar,8819816105,mukesh.sandhu@sample.com
J027,Jagdish,Chopra,34,Male,Shillong,8602038818,jagdish.chopra@sample.com
S159,Shruti,Iyer,20,Female,Bhopal,8342467519,shruti.iyer@sample.com
C024,Chirag,Bajaj,61,Male,Jaipur,8854317619,chirag.bajaj@sample.com
L011,Leena,Rastogi,64,Female,Vadodara,9786259264,leena.rastogi@sample.com
S160,Supriya,Hegde,62,Female,Durgapur,9972984496,supriya.hegde@sample.com
S161,Swati,Aggarwal,65,Female,Madurai,9336551090,swati.aggarwal@sample.com
K086,Keyur,Goel,26,Male,Udaipur,8869881268,keyur.goel@sample.com
L012,Leena,Khan,36,Female,Hyderabad,9947809594,leena.khan@sample.com
R079,Rupali,Kakkar,33,Female,Gorakhpur,9696896833,rupali.kakkar@sample.com
S162,Suraj,Trivedi,19,Male,Agra,8837738686,suraj.trivedi@sample.com
K087,Kabir,Mukherjee,61,Male,Roorkee,9735939194,kabir.mukherjee@sample.com
D035,Devansh,Sidhu,57,Male,Mumbai,9848897834,devansh.sidhu@sample.com
R080,Rituja,Dubey,32,Female,Mysuru,9603344065,rituja.dubey@sample.com
P058,Priti,Ahluwalia,62,Female,Delhi,8495325947,priti.ahluwalia@sample.com
R081,Rohit,Sibal,50,Male,Nashik,9331319080,rohit.sibal@sample.com
K088,Kanchan,Sood,59,Female,Bhubaneswar,8144710596,kanchan.sood@sample.com
B034,Bina,Shetty,38,Female,Jamshedpur,9323270193,bina.shetty@sample.com
K089,Kiranmayi,Dubey,38,Female,Nagpur,9419639583,kiranmayi.dubey@sample.com
N056,Naresh,Mukherjee,59,Male,Siliguri,8867806275,naresh.mukherjee@sample.com
A116,Akhil,Mahajan,32,Male,Chennai,8855788785,akhil.mahajan@sample.com
M083,Madhav,Bedi,52,Male,Vijayawada,9699361992,madhav.bedi@sample.com
T024,Tanvi,Khatri,62,Female,Hyderabad,9916313441,tanvi.khatri@sample.com
R082,Ritu,Hegde,39,Female,Mysuru,8937082768,ritu.hegde@sample.com
N057,Namrata,Rao,49,Female,Warangal,9267904369,namrata.rao@sample.com
P059,Padmini,Malhotra,52,Female,Varanasi,8860788566,padmini.malhotra@sample.com
S163,Supriya,Sethi,51,Female,Haridwar,8126171742,supriya.sethi@sample.com
K090,Kavita,Ansari,50,Female,Jaipur,8651745562,kavita.ansari@sample.com
R083,Rachna,Cheema,63,Female,Delhi,9960760488,rachna.cheema@sample.com
J028,Jyoti,Iyengar,23,Female,Chandigarh,8225912141,jyoti.iyengar@sample.com
I040,Ila,Khanna,53,Female,Durgapur,8763489807,ila.khanna@sample.com
J029,Jagdish,Biswas,35,Male,Coimbatore,9727514452,jagdish.biswas@sample.com
B035,Bhavika,Mittal,44,Female,Vadodara,8825901048,bhavika.mittal@sample.com
S164,Sumanlata,Banerjee,55,Female,Shillong,9370108846,sumanlata.banerjee@sample.com
J030,Jyoti,Kakkar,39,Female,Durgapur,9765940579,jyoti.kakkar@sample.com
C025,Charu,Aggarwal,63,Female,Visakhapatnam,8362774714,charu.aggarwal@sample.com
S165,Shilpa,Khanna,49,Female,Agartala,8588850603,shilpa.khanna@sample.com
A117,Anita,Sandhu,59,Female,Hyderabad,9963251583,anita.sandhu@sample.com
K091,Kanchan,Kapoor,47,Female,Nashik,8202402613,kanchan.kapoor@sample.com
D036,Deepika,Upadhyay,39,Female,Gaya,9508977576,deepika.upadhyay2@sample.com
D037,Devendra,Dubey,55,Male,Warangal,9123708360,devendra.dubey@sample.com
S166,Sameer,Tandon,28,Male,Surat,9767462718,sameer.tandon2@sample.com
I041,Indu,Chopra,29,Female,Madurai,9708974311,indu.chopra@sample.com
S167,Shilpa,Saha,42,Female,Hyderabad,8695121820,shilpa.saha@sample.com
N058,Narayan,Kumar,61,Male,Indore,8654904518,narayan.kumar@sample.com
Y009,Yamini,Kansal,60,Female,Siliguri,9511708069,yamini.kansal@sample.com
T025,Tushar,Ghosh,20,Male,Chandigarh,9853828005,tushar.ghosh@sample.com
R084,Rakesh,Brar,27,Male,Hyderabad,9303595005,rakesh.brar@sample.com
A118,Anjali,Rajput,38,Female,Coimbatore,8540187088,anjali.rajput@sample.com
P060,Pratima,Mishra,58,Female,Vijayawada,9211579331,pratima.mishra@sample.com
H031,Harish,Upadhyay,57,Male,Coimbatore,9489852281,harish.upadhyay2@sample.com
M084,Manoj,Aggarwal,35,Male,Varanasi,9188451785,manoj.aggarwal@sample.com
S168,Seema,Luthra,45,Female,Ahmedabad,8539568155,seema.luthra2@sample.com
S169,Suraj,Garg,56,Male,Vijayawada,9701543202,suraj.garg@sample.com
P061,Puneet,Rajput,58,Male,Varanasi,9918781838,puneet.rajput@sample.com
M085,Madhav,Mittal,46,Male,Chandigarh,9470475112,madhav.mittal@sample.com
